Date,Year,Month,Product_Code,Daily_Net_Demand,Positive_Demand,Negative_Adjustment,Order_Records
2014-01-06,2014,2014-01,Product_1248,468000,468000,0,7
2014-01-06,2014,2014-01,Product_1359,523000,523000,0,29
2014-01-07,2014,2014-01,Product_1248,35000,35000,0,6
2014-01-07,2014,2014-01,Product_1359,407000,407000,0,14
2014-01-08,2014,2014-01,Product_1248,116000,116000,0,9
2014-01-08,2014,2014-01,Product_1359,622000,622000,0,22
2014-01-09,2014,2014-01,Product_1248,487000,487000,0,6
2014-01-09,2014,2014-01,Product_1359,277000,277000,0,19
2014-01-10,2014,2014-01,Product_1248,216000,216000,0,6
2014-01-10,2014,2014-01,Product_1359,263000,263000,0,12
2014-01-14,2014,2014-01,Product_1248,553000,553000,0,7
2014-01-14,2014,2014-01,Product_1359,310000,310000,0,17
2014-01-15,2014,2014-01,Product_1248,14000,14000,0,3
2014-01-15,2014,2014-01,Product_1359,554000,554000,0,19
2014-01-16,2014,2014-01,Product_1248,255000,255000,0,4
2014-01-16,2014,2014-01,Product_1359,702000,702000,0,16
2014-01-17,2014,2014-01,Product_1248,326000,326000,0,7
2014-01-17,2014,2014-01,Product_1359,385000,385000,0,18
2014-01-20,2014,2014-01,Product_1248,324000,324000,0,7
2014-01-20,2014,2014-01,Product_1359,414000,414000,0,18
2014-01-21,2014,2014-01,Product_1248,161000,161000,0,4
2014-01-21,2014,2014-01,Product_1359,693000,693000,0,18
2014-01-22,2014,2014-01,Product_1248,212000,212000,0,7
2014-01-22,2014,2014-01,Product_1359,143000,143000,0,9
2014-01-23,2014,2014-01,Product_1248,413000,413000,0,8
2014-01-23,2014,2014-01,Product_1359,223000,223000,0,11
2014-01-24,2014,2014-01,Product_1248,252000,252000,0,5
2014-01-24,2014,2014-01,Product_1359,457000,457000,0,23
2014-01-27,2014,2014-01,Product_1248,246000,246000,0,5
2014-01-27,2014,2014-01,Product_1359,340000,340000,0,16
2014-01-28,2014,2014-01,Product_1248,51000,51000,0,4
2014-01-28,2014,2014-01,Product_1359,242000,242000,0,14
2014-01-29,2014,2014-01,Product_1248,27000,27000,0,4
2014-01-29,2014,2014-01,Product_1359,640000,640000,0,11
2014-01-30,2014,2014-01,Product_1359,136000,136000,0,8
2014-01-31,2014,2014-01,Product_1248,90000,90000,0,7
2014-01-31,2014,2014-01,Product_1359,457000,457000,0,16
2014-02-03,2014,2014-02,Product_1248,177000,177000,0,6
2014-02-03,2014,2014-02,Product_1359,1415000,1415000,0,22
2014-02-04,2014,2014-02,Product_1248,2000,2000,0,1
2014-02-04,2014,2014-02,Product_1359,678000,678000,0,21
2014-02-05,2014,2014-02,Product_1248,215000,215000,0,8
2014-02-05,2014,2014-02,Product_1359,1125000,1125000,0,19
2014-02-06,2014,2014-02,Product_1248,207000,207000,0,6
2014-02-06,2014,2014-02,Product_1359,296000,296000,0,15
2014-02-09,2014,2014-02,Product_1359,75000,75000,0,1
2014-02-10,2014,2014-02,Product_1248,449000,449000,0,12
2014-02-10,2014,2014-02,Product_1359,406000,406000,0,27
2014-02-12,2014,2014-02,Product_1248,1172000,1172000,0,10
2014-02-12,2014,2014-02,Product_1359,157000,157000,0,15
2014-02-13,2014,2014-02,Product_1248,18000,18000,0,3
2014-02-13,2014,2014-02,Product_1359,353000,353000,0,14
2014-02-14,2014,2014-02,Product_1248,37000,37000,0,3
2014-02-14,2014,2014-02,Product_1359,191000,191000,0,10
2014-02-17,2014,2014-02,Product_1248,461000,461000,0,11
2014-02-17,2014,2014-02,Product_1359,490000,490000,0,18
2014-02-18,2014,2014-02,Product_1248,3000,3000,0,1
2014-02-18,2014,2014-02,Product_1359,460000,460000,0,11
2014-02-19,2014,2014-02,Product_1248,664000,664000,0,13
2014-02-19,2014,2014-02,Product_1359,359000,359000,0,17
2014-02-20,2014,2014-02,Product_1248,405000,405000,0,2
2014-02-20,2014,2014-02,Product_1359,100000,100000,0,14
2014-02-21,2014,2014-02,Product_1248,182000,182000,0,13
2014-02-21,2014,2014-02,Product_1359,513000,513000,0,27
2014-02-24,2014,2014-02,Product_1248,237000,237000,0,4
2014-02-24,2014,2014-02,Product_1359,207000,207000,0,11
2014-02-25,2014,2014-02,Product_1248,384000,384000,0,7
2014-02-25,2014,2014-02,Product_1359,166000,166000,0,14
2014-02-26,2014,2014-02,Product_1248,510000,510000,0,7
2014-02-26,2014,2014-02,Product_1359,261000,261000,0,10
2014-02-27,2014,2014-02,Product_1248,85000,85000,0,4
2014-02-27,2014,2014-02,Product_1359,219000,219000,0,13
2014-02-28,2014,2014-02,Product_1248,135000,135000,0,4
2014-02-28,2014,2014-02,Product_1359,347000,347000,0,16
2014-03-03,2014,2014-03,Product_1248,551000,551000,0,6
2014-03-03,2014,2014-03,Product_1359,878000,878000,0,21
2014-03-04,2014,2014-03,Product_1248,38000,38000,0,3
2014-03-04,2014,2014-03,Product_1359,306000,306000,0,23
2014-03-05,2014,2014-03,Product_1248,39000,39000,0,7
2014-03-05,2014,2014-03,Product_1359,230000,230000,0,12
2014-03-06,2014,2014-03,Product_1248,144000,144000,0,10
2014-03-06,2014,2014-03,Product_1359,1244000,1244000,0,21
2014-03-07,2014,2014-03,Product_1248,401000,401000,0,6
2014-03-07,2014,2014-03,Product_1359,266000,266000,0,13
2014-03-10,2014,2014-03,Product_1248,51000,51000,0,2
2014-03-10,2014,2014-03,Product_1359,310000,310000,0,11
2014-03-11,2014,2014-03,Product_1248,51000,51000,0,2
2014-03-11,2014,2014-03,Product_1359,741000,741000,0,15
2014-03-12,2014,2014-03,Product_1248,116000,116000,0,4
2014-03-12,2014,2014-03,Product_1359,400000,400000,0,17
2014-03-13,2014,2014-03,Product_1248,8000,8000,0,2
2014-03-13,2014,2014-03,Product_1359,72000,72000,0,6
2014-03-14,2014,2014-03,Product_1248,172000,172000,0,6
2014-03-14,2014,2014-03,Product_1359,233000,233000,0,15
2014-03-16,2014,2014-03,Product_1248,80000,80000,0,1
2014-03-17,2014,2014-03,Product_1248,57000,57000,0,9
2014-03-17,2014,2014-03,Product_1359,319000,319000,0,16
2014-03-18,2014,2014-03,Product_1248,85000,85000,0,5
2014-03-18,2014,2014-03,Product_1359,1005000,1005000,0,13
2014-03-19,2014,2014-03,Product_1248,18000,18000,0,1
2014-03-19,2014,2014-03,Product_1359,811000,811000,0,13
2014-03-20,2014,2014-03,Product_1248,145000,145000,0,6
2014-03-20,2014,2014-03,Product_1359,587000,587000,0,23
2014-03-24,2014,2014-03,Product_1248,607000,607000,0,13
2014-03-24,2014,2014-03,Product_1359,272000,272000,0,23
2014-03-25,2014,2014-03,Product_1248,161000,161000,0,4
2014-03-25,2014,2014-03,Product_1359,600000,600000,0,15
2014-03-26,2014,2014-03,Product_1248,613000,613000,0,7
2014-03-26,2014,2014-03,Product_1359,568000,568000,0,19
2014-03-27,2014,2014-03,Product_1248,45000,45000,0,3
2014-03-27,2014,2014-03,Product_1359,77000,77000,0,7
2014-03-28,2014,2014-03,Product_1248,2005000,2005000,0,4
2014-03-28,2014,2014-03,Product_1359,32000,32000,0,3
2014-03-31,2014,2014-03,Product_1248,563000,563000,0,7
2014-03-31,2014,2014-03,Product_1359,238000,238000,0,17
2014-04-01,2014,2014-04,Product_1248,19000,19000,0,4
2014-04-01,2014,2014-04,Product_1359,435000,435000,0,17
2014-04-02,2014,2014-04,Product_1248,373000,373000,0,8
2014-04-02,2014,2014-04,Product_1359,258000,258000,0,16
2014-04-03,2014,2014-04,Product_1248,275000,275000,0,4
2014-04-03,2014,2014-04,Product_1359,225000,225000,0,9
2014-04-04,2014,2014-04,Product_1248,121000,121000,0,4
2014-04-04,2014,2014-04,Product_1359,660000,660000,0,19
2014-04-07,2014,2014-04,Product_1248,19000,19000,0,3
2014-04-07,2014,2014-04,Product_1359,367000,367000,0,9
2014-04-08,2014,2014-04,Product_1248,225000,225000,0,6
2014-04-08,2014,2014-04,Product_1359,191000,191000,0,9
2014-04-09,2014,2014-04,Product_1248,334000,334000,0,8
2014-04-09,2014,2014-04,Product_1359,313000,313000,0,15
2014-04-10,2014,2014-04,Product_1248,134000,134000,0,5
2014-04-10,2014,2014-04,Product_1359,348000,348000,0,9
2014-04-11,2014,2014-04,Product_1248,153000,153000,0,5
2014-04-11,2014,2014-04,Product_1359,281000,281000,0,12
2014-04-14,2014,2014-04,Product_1248,125000,125000,0,5
2014-04-14,2014,2014-04,Product_1359,317000,317000,0,12
2014-04-15,2014,2014-04,Product_1248,738000,738000,0,8
2014-04-15,2014,2014-04,Product_1359,335000,335000,0,12
2014-04-16,2014,2014-04,Product_1248,62000,62000,0,6
2014-04-16,2014,2014-04,Product_1359,859000,859000,0,10
2014-04-17,2014,2014-04,Product_1248,402000,402000,0,3
2014-04-17,2014,2014-04,Product_1359,683000,683000,0,11
2014-04-18,2014,2014-04,Product_1248,136000,136000,0,7
2014-04-18,2014,2014-04,Product_1359,249000,249000,0,22
2014-04-21,2014,2014-04,Product_1248,1115000,1115000,0,15
2014-04-21,2014,2014-04,Product_1359,166000,166000,0,13
2014-04-22,2014,2014-04,Product_1248,170000,170000,0,4
2014-04-22,2014,2014-04,Product_1359,211000,211000,0,12
2014-04-23,2014,2014-04,Product_1248,229000,229000,0,10
2014-04-23,2014,2014-04,Product_1359,81000,81000,0,6
2014-04-24,2014,2014-04,Product_1248,58000,58000,0,4
2014-04-24,2014,2014-04,Product_1359,210000,210000,0,13
2014-04-25,2014,2014-04,Product_1248,13000,13000,0,5
2014-04-25,2014,2014-04,Product_1359,462000,462000,0,11
2014-04-28,2014,2014-04,Product_1248,190000,190000,0,4
2014-04-28,2014,2014-04,Product_1359,975000,975000,0,11
2014-04-30,2014,2014-04,Product_1248,2270000,2270000,0,5
2014-04-30,2014,2014-04,Product_1359,236000,237000,1000,13
2014-05-01,2014,2014-05,Product_1248,56000,56000,0,4
2014-05-01,2014,2014-05,Product_1359,422000,422000,0,16
2014-05-02,2014,2014-05,Product_1248,543000,543000,0,3
2014-05-02,2014,2014-05,Product_1359,274000,274000,0,7
2014-05-07,2014,2014-05,Product_1248,810000,810000,0,6
2014-05-07,2014,2014-05,Product_1359,235000,235000,0,9
2014-05-08,2014,2014-05,Product_1248,163000,163000,0,4
2014-05-08,2014,2014-05,Product_1359,257000,257000,0,12
2014-05-09,2014,2014-05,Product_1248,126000,126000,0,5
2014-05-09,2014,2014-05,Product_1359,504000,504000,0,10
2014-05-12,2014,2014-05,Product_1248,285000,285000,0,7
2014-05-12,2014,2014-05,Product_1359,761000,761000,0,25
2014-05-13,2014,2014-05,Product_1248,930000,930000,0,5
2014-05-13,2014,2014-05,Product_1359,444000,444000,0,17
2014-05-14,2014,2014-05,Product_1248,122000,122000,0,4
2014-05-14,2014,2014-05,Product_1359,452000,452000,0,15
2014-05-15,2014,2014-05,Product_1248,15000,15000,0,4
2014-05-15,2014,2014-05,Product_1359,269000,274000,5000,10
2014-05-16,2014,2014-05,Product_1248,1000,1000,0,1
2014-05-16,2014,2014-05,Product_1359,635000,635000,0,16
2014-05-19,2014,2014-05,Product_1248,608000,608000,0,4
2014-05-19,2014,2014-05,Product_1359,1134000,1134000,0,16
2014-05-20,2014,2014-05,Product_1248,1950000,1950000,0,8
2014-05-20,2014,2014-05,Product_1359,959000,959000,0,11
2014-05-21,2014,2014-05,Product_1248,555000,555000,0,7
2014-05-21,2014,2014-05,Product_1359,237000,237000,0,14
2014-05-22,2014,2014-05,Product_1248,204000,204000,0,3
2014-05-22,2014,2014-05,Product_1359,195000,195000,0,8
2014-05-23,2014,2014-05,Product_1248,67000,67000,0,5
2014-05-23,2014,2014-05,Product_1359,400000,400000,0,17
2014-05-26,2014,2014-05,Product_1248,153000,153000,0,3
2014-05-26,2014,2014-05,Product_1359,275000,275000,0,14
2014-05-27,2014,2014-05,Product_1248,327000,327000,0,5
2014-05-27,2014,2014-05,Product_1359,365000,365000,0,11
2014-05-28,2014,2014-05,Product_1248,274000,274000,0,6
2014-05-28,2014,2014-05,Product_1359,206000,206000,0,11
2014-05-29,2014,2014-05,Product_1248,40000,40000,0,1
2014-05-29,2014,2014-05,Product_1359,142000,142000,0,10
2014-05-30,2014,2014-05,Product_1248,514000,514000,0,6
2014-05-30,2014,2014-05,Product_1359,354000,354000,0,14
2014-06-02,2014,2014-06,Product_1248,105000,105000,0,10
2014-06-02,2014,2014-06,Product_1359,327000,327000,0,21
2014-06-03,2014,2014-06,Product_1248,63000,63000,0,3
2014-06-03,2014,2014-06,Product_1359,339000,339000,0,12
2014-06-04,2014,2014-06,Product_1248,798000,798000,0,8
2014-06-04,2014,2014-06,Product_1359,572000,572000,0,11
2014-06-05,2014,2014-06,Product_1248,500000,500000,0,1
2014-06-05,2014,2014-06,Product_1359,328000,328000,0,10
2014-06-06,2014,2014-06,Product_1248,162000,162000,0,5
2014-06-06,2014,2014-06,Product_1359,160000,160000,0,10
2014-06-09,2014,2014-06,Product_1248,110000,110000,0,2
2014-06-09,2014,2014-06,Product_1359,69000,69000,0,11
2014-06-10,2014,2014-06,Product_1248,120000,120000,0,4
2014-06-10,2014,2014-06,Product_1359,144000,144000,0,11
2014-06-11,2014,2014-06,Product_1248,65000,65000,0,2
2014-06-11,2014,2014-06,Product_1359,296000,296000,0,13
2014-06-12,2014,2014-06,Product_1248,165000,165000,0,4
2014-06-12,2014,2014-06,Product_1359,83000,83000,0,9
2014-06-13,2014,2014-06,Product_1248,116000,116000,0,7
2014-06-13,2014,2014-06,Product_1359,200000,200000,0,12
2014-06-16,2014,2014-06,Product_1248,102000,102000,0,9
2014-06-16,2014,2014-06,Product_1359,292000,292000,0,14
2014-06-17,2014,2014-06,Product_1248,115000,115000,0,5
2014-06-17,2014,2014-06,Product_1359,359000,359000,0,13
2014-06-18,2014,2014-06,Product_1248,111000,111000,0,6
2014-06-18,2014,2014-06,Product_1359,165000,165000,0,13
2014-06-19,2014,2014-06,Product_1248,252000,252000,0,2
2014-06-19,2014,2014-06,Product_1359,67000,67000,0,11
2014-06-20,2014,2014-06,Product_1248,962000,962000,0,5
2014-06-20,2014,2014-06,Product_1359,420000,420000,0,16
2014-06-23,2014,2014-06,Product_1248,82000,82000,0,7
2014-06-23,2014,2014-06,Product_1359,638000,638000,0,15
2014-06-24,2014,2014-06,Product_1248,506000,506000,0,6
2014-06-24,2014,2014-06,Product_1359,299000,299000,0,16
2014-06-25,2014,2014-06,Product_1248,36000,36000,0,4
2014-06-25,2014,2014-06,Product_1359,855000,855000,0,15
2014-06-26,2014,2014-06,Product_1248,75000,75000,0,3
2014-06-26,2014,2014-06,Product_1359,829000,829000,0,11
2014-06-27,2014,2014-06,Product_1248,124000,124000,0,6
2014-06-27,2014,2014-06,Product_1359,119000,119000,0,8
2014-06-29,2014,2014-06,Product_1359,25000,25000,0,1
2014-06-30,2014,2014-06,Product_1248,53000,53000,0,2
2014-06-30,2014,2014-06,Product_1359,469000,469000,0,18
2014-07-01,2014,2014-07,Product_1248,110000,110000,0,5
2014-07-01,2014,2014-07,Product_1359,457000,457000,0,21
2014-07-02,2014,2014-07,Product_1248,428000,428000,0,8
2014-07-02,2014,2014-07,Product_1359,374000,374000,0,18
2014-07-03,2014,2014-07,Product_1248,130000,130000,0,7
2014-07-03,2014,2014-07,Product_1359,206000,206000,0,14
2014-07-04,2014,2014-07,Product_1248,141000,141000,0,4
2014-07-04,2014,2014-07,Product_1359,341000,341000,0,10
2014-07-07,2014,2014-07,Product_1248,1100000,1100000,0,2
2014-07-07,2014,2014-07,Product_1359,360000,360000,0,17
2014-07-08,2014,2014-07,Product_1248,30000,30000,0,2
2014-07-08,2014,2014-07,Product_1359,98000,98000,0,9
2014-07-09,2014,2014-07,Product_1248,121000,121000,0,10
2014-07-09,2014,2014-07,Product_1359,108000,108000,0,15
2014-07-10,2014,2014-07,Product_1248,404000,404000,0,9
2014-07-10,2014,2014-07,Product_1359,164000,164000,0,13
2014-07-11,2014,2014-07,Product_1248,55000,55000,0,3
2014-07-11,2014,2014-07,Product_1359,88000,88000,0,10
2014-07-14,2014,2014-07,Product_1248,255000,255000,0,7
2014-07-14,2014,2014-07,Product_1359,433000,433000,0,14
2014-07-15,2014,2014-07,Product_1248,24000,24000,0,3
2014-07-15,2014,2014-07,Product_1359,1000000,1000000,0,15
2014-07-16,2014,2014-07,Product_1248,352000,352000,0,6
2014-07-16,2014,2014-07,Product_1359,698000,698000,0,15
2014-07-17,2014,2014-07,Product_1248,240000,240000,0,4
2014-07-17,2014,2014-07,Product_1359,289000,289000,0,11
2014-07-18,2014,2014-07,Product_1248,140000,140000,0,7
2014-07-18,2014,2014-07,Product_1359,173000,173000,0,13
2014-07-22,2014,2014-07,Product_1248,145000,145000,0,13
2014-07-22,2014,2014-07,Product_1359,1057000,1057000,0,24
2014-07-23,2014,2014-07,Product_1248,14000,14000,0,3
2014-07-23,2014,2014-07,Product_1359,443000,443000,0,17
2014-07-24,2014,2014-07,Product_1248,62000,62000,0,4
2014-07-24,2014,2014-07,Product_1359,428000,428000,0,12
2014-07-25,2014,2014-07,Product_1248,115000,115000,0,6
2014-07-25,2014,2014-07,Product_1359,177000,177000,0,13
2014-07-28,2014,2014-07,Product_1248,387000,387000,0,7
2014-07-28,2014,2014-07,Product_1359,281000,281000,0,11
2014-07-29,2014,2014-07,Product_1248,85000,85000,0,5
2014-07-29,2014,2014-07,Product_1359,794000,794000,0,20
2014-07-30,2014,2014-07,Product_1248,459000,459000,0,9
2014-07-30,2014,2014-07,Product_1359,515000,515000,0,14
2014-07-31,2014,2014-07,Product_1248,24000,24000,0,2
2014-07-31,2014,2014-07,Product_1359,538000,538000,0,10
2014-08-01,2014,2014-08,Product_1248,331000,331000,0,6
2014-08-01,2014,2014-08,Product_1359,786000,786000,0,20
2014-08-04,2014,2014-08,Product_1248,15000,15000,0,2
2014-08-04,2014,2014-08,Product_1359,695000,695000,0,14
2014-08-05,2014,2014-08,Product_1248,3000,3000,0,2
2014-08-05,2014,2014-08,Product_1359,334000,334000,0,18
2014-08-06,2014,2014-08,Product_1248,116000,116000,0,8
2014-08-06,2014,2014-08,Product_1359,321000,321000,0,17
2014-08-07,2014,2014-08,Product_1248,54000,54000,0,6
2014-08-07,2014,2014-08,Product_1359,303000,303000,0,8
2014-08-08,2014,2014-08,Product_1248,24000,24000,0,3
2014-08-08,2014,2014-08,Product_1359,83000,83000,0,8
2014-08-11,2014,2014-08,Product_1248,52000,52000,0,2
2014-08-11,2014,2014-08,Product_1359,5000,5000,0,1
2014-08-12,2014,2014-08,Product_1248,7000,7000,0,2
2014-08-12,2014,2014-08,Product_1359,2000,2000,0,1
2014-08-13,2014,2014-08,Product_1359,6000,6000,0,2
2014-08-15,2014,2014-08,Product_1248,67000,67000,0,5
2014-08-15,2014,2014-08,Product_1359,196000,196000,0,10
2014-08-18,2014,2014-08,Product_1248,151000,151000,0,5
2014-08-18,2014,2014-08,Product_1359,138000,138000,0,14
2014-08-19,2014,2014-08,Product_1248,224000,224000,0,5
2014-08-19,2014,2014-08,Product_1359,385000,385000,0,19
2014-08-20,2014,2014-08,Product_1248,109000,109000,0,5
2014-08-20,2014,2014-08,Product_1359,244000,244000,0,16
2014-08-21,2014,2014-08,Product_1248,117000,117000,0,9
2014-08-21,2014,2014-08,Product_1359,267000,267000,0,15
2014-08-22,2014,2014-08,Product_1248,168000,168000,0,8
2014-08-22,2014,2014-08,Product_1359,95000,95000,0,10
2014-08-25,2014,2014-08,Product_1248,109000,109000,0,4
2014-08-25,2014,2014-08,Product_1359,288000,288000,0,21
2014-08-26,2014,2014-08,Product_1248,362000,362000,0,4
2014-08-26,2014,2014-08,Product_1359,799000,799000,0,13
2014-08-27,2014,2014-08,Product_1248,3000,3000,0,2
2014-08-27,2014,2014-08,Product_1359,217000,217000,0,16
2014-08-28,2014,2014-08,Product_1248,18000,18000,0,2
2014-08-28,2014,2014-08,Product_1359,89000,89000,0,13
2014-08-29,2014,2014-08,Product_1248,277000,277000,0,5
2014-08-29,2014,2014-08,Product_1359,510000,510000,0,15
2014-09-01,2014,2014-09,Product_1248,123000,123000,0,5
2014-09-01,2014,2014-09,Product_1359,407000,407000,0,14
2014-09-02,2014,2014-09,Product_1248,384000,384000,0,4
2014-09-02,2014,2014-09,Product_1359,1609000,1609000,0,20
2014-09-03,2014,2014-09,Product_1248,33000,33000,0,6
2014-09-03,2014,2014-09,Product_1359,130000,130000,0,12
2014-09-04,2014,2014-09,Product_1248,60000,60000,0,3
2014-09-04,2014,2014-09,Product_1359,492000,492000,0,12
2014-09-05,2014,2014-09,Product_1248,248000,248000,0,4
2014-09-05,2014,2014-09,Product_1359,212000,212000,0,11
2014-09-08,2014,2014-09,Product_1248,190000,190000,0,5
2014-09-08,2014,2014-09,Product_1359,232000,232000,0,15
2014-09-09,2014,2014-09,Product_1248,557000,557000,0,10
2014-09-09,2014,2014-09,Product_1359,167000,167000,0,18
2014-09-10,2014,2014-09,Product_1248,265000,265000,0,7
2014-09-10,2014,2014-09,Product_1359,281000,281000,0,12
2014-09-11,2014,2014-09,Product_1248,130000,130000,0,8
2014-09-11,2014,2014-09,Product_1359,89000,89000,0,10
2014-09-12,2014,2014-09,Product_1248,282000,282000,0,4
2014-09-12,2014,2014-09,Product_1359,269000,269000,0,11
2014-09-16,2014,2014-09,Product_1248,58000,58000,0,2
2014-09-16,2014,2014-09,Product_1359,314000,314000,0,19
2014-09-17,2014,2014-09,Product_1248,85000,85000,0,4
2014-09-17,2014,2014-09,Product_1359,1353000,1353000,0,16
2014-09-18,2014,2014-09,Product_1248,1105000,1105000,0,6
2014-09-18,2014,2014-09,Product_1359,194000,194000,0,9
2014-09-19,2014,2014-09,Product_1248,29000,29000,0,5
2014-09-19,2014,2014-09,Product_1359,361000,361000,0,12
2014-09-22,2014,2014-09,Product_1248,239000,239000,0,9
2014-09-22,2014,2014-09,Product_1359,312000,312000,0,22
2014-09-24,2014,2014-09,Product_1248,470000,470000,0,5
2014-09-24,2014,2014-09,Product_1359,218000,218000,0,18
2014-09-25,2014,2014-09,Product_1248,234000,234000,0,5
2014-09-25,2014,2014-09,Product_1359,149000,149000,0,12
2014-09-26,2014,2014-09,Product_1248,579000,579000,0,8
2014-09-26,2014,2014-09,Product_1359,179000,179000,0,15
2014-09-29,2014,2014-09,Product_1248,120000,120000,0,2
2014-09-29,2014,2014-09,Product_1359,257000,257000,0,12
2014-09-30,2014,2014-09,Product_1248,122000,122000,0,4
2014-09-30,2014,2014-09,Product_1359,613000,613000,0,20
2014-10-01,2014,2014-10,Product_1248,517000,517000,0,13
2014-10-01,2014,2014-10,Product_1359,443000,443000,0,21
2014-10-02,2014,2014-10,Product_1248,300000,300000,0,7
2014-10-02,2014,2014-10,Product_1359,309000,309000,0,11
2014-10-03,2014,2014-10,Product_1248,95000,95000,0,7
2014-10-03,2014,2014-10,Product_1359,459000,459000,0,18
2014-10-06,2014,2014-10,Product_1248,363000,363000,0,3
2014-10-06,2014,2014-10,Product_1359,409000,409000,0,18
2014-10-07,2014,2014-10,Product_1248,465000,465000,0,5
2014-10-07,2014,2014-10,Product_1359,560000,560000,0,15
2014-10-08,2014,2014-10,Product_1248,10000,10000,0,2
2014-10-08,2014,2014-10,Product_1359,1109000,1109000,0,12
2014-10-09,2014,2014-10,Product_1248,24000,24000,0,5
2014-10-09,2014,2014-10,Product_1359,207000,207000,0,16
2014-10-10,2014,2014-10,Product_1248,26000,26000,0,5
2014-10-10,2014,2014-10,Product_1359,152000,152000,0,9
2014-10-14,2014,2014-10,Product_1248,104000,104000,0,7
2014-10-14,2014,2014-10,Product_1359,428000,428000,0,18
2014-10-15,2014,2014-10,Product_1248,574000,574000,0,6
2014-10-15,2014,2014-10,Product_1359,858000,858000,0,15
2014-10-16,2014,2014-10,Product_1248,384000,384000,0,6
2014-10-16,2014,2014-10,Product_1359,78000,78000,0,10
2014-10-17,2014,2014-10,Product_1248,51000,51000,0,2
2014-10-17,2014,2014-10,Product_1359,273000,273000,0,17
2014-10-20,2014,2014-10,Product_1248,182000,182000,0,8
2014-10-20,2014,2014-10,Product_1359,241000,241000,0,9
2014-10-21,2014,2014-10,Product_1248,173000,173000,0,9
2014-10-21,2014,2014-10,Product_1359,313000,313000,0,18
2014-10-22,2014,2014-10,Product_1248,8000,8000,0,2
2014-10-22,2014,2014-10,Product_1359,734000,734000,0,15
2014-10-23,2014,2014-10,Product_1248,131000,131000,0,4
2014-10-23,2014,2014-10,Product_1359,486000,486000,0,23
2014-10-24,2014,2014-10,Product_1248,27000,27000,0,5
2014-10-24,2014,2014-10,Product_1359,888000,888000,0,20
2014-10-27,2014,2014-10,Product_1248,1185000,1185000,0,7
2014-10-27,2014,2014-10,Product_1359,324000,324000,0,15
2014-10-28,2014,2014-10,Product_1248,69000,69000,0,5
2014-10-28,2014,2014-10,Product_1359,608000,608000,0,21
2014-10-29,2014,2014-10,Product_1248,113000,113000,0,6
2014-10-29,2014,2014-10,Product_1359,613000,613000,0,9
2014-10-30,2014,2014-10,Product_1248,37000,37000,0,3
2014-10-30,2014,2014-10,Product_1359,110000,110000,0,11
2014-10-31,2014,2014-10,Product_1248,200000,200000,0,6
2014-10-31,2014,2014-10,Product_1359,148000,148000,0,11
2014-11-04,2014,2014-11,Product_1248,107000,107000,0,8
2014-11-04,2014,2014-11,Product_1359,968000,968000,0,22
2014-11-05,2014,2014-11,Product_1248,131000,131000,0,5
2014-11-05,2014,2014-11,Product_1359,367000,367000,0,15
2014-11-06,2014,2014-11,Product_1248,155000,155000,0,4
2014-11-06,2014,2014-11,Product_1359,434000,434000,0,11
2014-11-07,2014,2014-11,Product_1248,24000,24000,0,2
2014-11-07,2014,2014-11,Product_1359,289000,289000,0,20
2014-11-10,2014,2014-11,Product_1248,15000,15000,0,2
2014-11-10,2014,2014-11,Product_1359,287000,287000,0,19
2014-11-11,2014,2014-11,Product_1248,15000,15000,0,1
2014-11-11,2014,2014-11,Product_1359,277000,277000,0,12
2014-11-12,2014,2014-11,Product_1248,190000,190000,0,5
2014-11-12,2014,2014-11,Product_1359,354000,354000,0,12
2014-11-13,2014,2014-11,Product_1248,182000,182000,0,6
2014-11-13,2014,2014-11,Product_1359,711000,711000,0,8
2014-11-14,2014,2014-11,Product_1248,234000,234000,0,8
2014-11-14,2014,2014-11,Product_1359,273000,273000,0,18
2014-11-17,2014,2014-11,Product_1248,70000,70000,0,10
2014-11-17,2014,2014-11,Product_1359,130000,130000,0,11
2014-11-18,2014,2014-11,Product_1248,200000,200000,0,1
2014-11-18,2014,2014-11,Product_1359,814000,814000,0,17
2014-11-19,2014,2014-11,Product_1248,85000,85000,0,4
2014-11-19,2014,2014-11,Product_1359,322000,322000,0,12
2014-11-20,2014,2014-11,Product_1248,57000,57000,0,4
2014-11-20,2014,2014-11,Product_1359,713000,713000,0,16
2014-11-21,2014,2014-11,Product_1248,385000,385000,0,10
2014-11-21,2014,2014-11,Product_1359,231000,231000,0,18
2014-11-25,2014,2014-11,Product_1248,606000,606000,0,4
2014-11-25,2014,2014-11,Product_1359,975000,975000,0,22
2014-11-26,2014,2014-11,Product_1248,369000,369000,0,7
2014-11-26,2014,2014-11,Product_1359,640000,640000,0,21
2014-11-27,2014,2014-11,Product_1248,64000,64000,0,4
2014-11-27,2014,2014-11,Product_1359,205000,205000,0,14
2014-11-28,2014,2014-11,Product_1248,68000,68000,0,7
2014-11-28,2014,2014-11,Product_1359,316000,316000,0,17
2014-12-01,2014,2014-12,Product_1248,73000,73000,0,5
2014-12-01,2014,2014-12,Product_1359,337000,337000,0,19
2014-12-02,2014,2014-12,Product_1248,80000,80000,0,4
2014-12-02,2014,2014-12,Product_1359,161000,161000,0,11
2014-12-03,2014,2014-12,Product_1248,1050000,1050000,0,6
2014-12-03,2014,2014-12,Product_1359,454000,454000,0,16
2014-12-04,2014,2014-12,Product_1248,882000,882000,0,7
2014-12-04,2014,2014-12,Product_1359,155000,155000,0,13
2014-12-05,2014,2014-12,Product_1248,416000,416000,0,10
2014-12-05,2014,2014-12,Product_1359,311000,311000,0,14
2014-12-08,2014,2014-12,Product_1248,412000,412000,0,7
2014-12-08,2014,2014-12,Product_1359,329000,329000,0,17
2014-12-09,2014,2014-12,Product_1248,101000,101000,0,5
2014-12-09,2014,2014-12,Product_1359,264000,264000,0,16
2014-12-10,2014,2014-12,Product_1248,1065000,1065000,0,4
2014-12-10,2014,2014-12,Product_1359,606000,606000,0,20
2014-12-11,2014,2014-12,Product_1248,367000,367000,0,6
2014-12-11,2014,2014-12,Product_1359,252000,252000,0,10
2014-12-12,2014,2014-12,Product_1248,366000,366000,0,6
2014-12-12,2014,2014-12,Product_1359,152000,152000,0,10
2014-12-15,2014,2014-12,Product_1248,162000,162000,0,5
2014-12-15,2014,2014-12,Product_1359,207000,207000,0,15
2014-12-16,2014,2014-12,Product_1248,72000,72000,0,2
2014-12-16,2014,2014-12,Product_1359,584000,584000,0,17
2014-12-17,2014,2014-12,Product_1248,458000,458000,0,4
2014-12-17,2014,2014-12,Product_1359,292000,292000,0,13
2014-12-18,2014,2014-12,Product_1248,315000,315000,0,3
2014-12-18,2014,2014-12,Product_1359,464000,464000,0,17
2014-12-19,2014,2014-12,Product_1248,1606000,1606000,0,9
2014-12-19,2014,2014-12,Product_1359,485000,485000,0,14
2014-12-22,2014,2014-12,Product_1248,97000,97000,0,6
2014-12-22,2014,2014-12,Product_1359,623000,623000,0,17
2014-12-24,2014,2014-12,Product_1248,127000,127000,0,7
2014-12-24,2014,2014-12,Product_1359,196000,196000,0,13
2014-12-25,2014,2014-12,Product_1248,45000,45000,0,4
2014-12-25,2014,2014-12,Product_1359,55000,55000,0,7
2014-12-26,2014,2014-12,Product_1248,32000,32000,0,7
2014-12-26,2014,2014-12,Product_1359,271000,271000,0,19
2015-01-05,2015,2015-01,Product_1248,1176000,1176000,0,7
2015-01-05,2015,2015-01,Product_1359,631000,631000,0,23
2015-01-06,2015,2015-01,Product_1248,174000,174000,0,5
2015-01-06,2015,2015-01,Product_1359,603000,603000,0,20
2015-01-07,2015,2015-01,Product_1248,318000,318000,0,8
2015-01-07,2015,2015-01,Product_1359,539000,539000,0,18
2015-01-08,2015,2015-01,Product_1248,237000,237000,0,9
2015-01-08,2015,2015-01,Product_1359,541000,541000,0,11
2015-01-09,2015,2015-01,Product_1248,206000,207000,1000,9
2015-01-09,2015,2015-01,Product_1359,185000,185000,0,22
2015-01-13,2015,2015-01,Product_1248,29000,39000,10000,5
2015-01-13,2015,2015-01,Product_1359,440000,440000,0,17
2015-01-14,2015,2015-01,Product_1248,86000,86000,0,5
2015-01-14,2015,2015-01,Product_1359,445000,445000,0,25
2015-01-15,2015,2015-01,Product_1248,263000,263000,0,4
2015-01-15,2015,2015-01,Product_1359,1745000,1745000,0,15
2015-01-16,2015,2015-01,Product_1248,121000,121000,0,5
2015-01-16,2015,2015-01,Product_1359,1003000,1003000,0,18
2015-01-19,2015,2015-01,Product_1248,52000,52000,0,3
2015-01-19,2015,2015-01,Product_1359,99000,99000,0,9
2015-01-20,2015,2015-01,Product_1248,313000,313000,0,6
2015-01-20,2015,2015-01,Product_1359,858000,858000,0,13
2015-01-21,2015,2015-01,Product_1248,425000,425000,0,11
2015-01-21,2015,2015-01,Product_1359,405000,405000,0,20
2015-01-22,2015,2015-01,Product_1248,555000,555000,0,5
2015-01-22,2015,2015-01,Product_1359,559000,559000,0,10
2015-01-23,2015,2015-01,Product_1248,608000,608000,0,7
2015-01-23,2015,2015-01,Product_1359,173000,173000,0,15
2015-01-26,2015,2015-01,Product_1248,113000,113000,0,4
2015-01-26,2015,2015-01,Product_1359,99000,99000,0,15
2015-01-27,2015,2015-01,Product_1248,500000,500000,0,2
2015-01-27,2015,2015-01,Product_1359,464000,464000,0,13
2015-01-28,2015,2015-01,Product_1248,530000,530000,0,7
2015-01-28,2015,2015-01,Product_1359,78000,78000,0,9
2015-01-29,2015,2015-01,Product_1248,110000,110000,0,5
2015-01-29,2015,2015-01,Product_1359,120000,120000,0,10
2015-01-30,2015,2015-01,Product_1248,718000,718000,0,6
2015-01-30,2015,2015-01,Product_1359,1140000,1140000,0,20
2015-02-02,2015,2015-02,Product_1248,88000,88000,0,5
2015-02-02,2015,2015-02,Product_1359,92000,92000,0,17
2015-02-03,2015,2015-02,Product_1248,148000,148000,0,7
2015-02-03,2015,2015-02,Product_1359,367000,367000,0,17
2015-02-04,2015,2015-02,Product_1248,13000,13000,0,2
2015-02-04,2015,2015-02,Product_1359,374000,374000,0,11
2015-02-05,2015,2015-02,Product_1248,252000,252000,0,5
2015-02-05,2015,2015-02,Product_1359,400000,400000,0,12
2015-02-06,2015,2015-02,Product_1248,21000,21000,0,4
2015-02-06,2015,2015-02,Product_1359,119000,119000,0,13
2015-02-09,2015,2015-02,Product_1248,21000,21000,0,5
2015-02-09,2015,2015-02,Product_1359,465000,465000,0,15
2015-02-10,2015,2015-02,Product_1248,305000,305000,0,3
2015-02-10,2015,2015-02,Product_1359,311000,311000,0,16
2015-02-12,2015,2015-02,Product_1248,303000,303000,0,3
2015-02-12,2015,2015-02,Product_1359,172000,172000,0,12
2015-02-13,2015,2015-02,Product_1248,67000,67000,0,4
2015-02-13,2015,2015-02,Product_1359,252000,252000,0,13
2015-02-16,2015,2015-02,Product_1248,847000,847000,0,7
2015-02-16,2015,2015-02,Product_1359,165000,165000,0,11
2015-02-17,2015,2015-02,Product_1248,326000,326000,0,10
2015-02-17,2015,2015-02,Product_1359,280000,280000,0,13
2015-02-18,2015,2015-02,Product_1248,69000,69000,0,5
2015-02-18,2015,2015-02,Product_1359,231000,231000,0,16
2015-02-19,2015,2015-02,Product_1248,460000,460000,0,4
2015-02-19,2015,2015-02,Product_1359,174000,174000,0,14
2015-02-20,2015,2015-02,Product_1248,282000,282000,0,9
2015-02-20,2015,2015-02,Product_1359,363000,363000,0,17
2015-02-23,2015,2015-02,Product_1248,225000,225000,0,11
2015-02-23,2015,2015-02,Product_1359,449000,449000,0,24
2015-02-24,2015,2015-02,Product_1248,15000,15000,0,2
2015-02-24,2015,2015-02,Product_1359,177000,177000,0,12
2015-02-25,2015,2015-02,Product_1248,76000,76000,0,5
2015-02-25,2015,2015-02,Product_1359,611000,611000,0,22
2015-02-26,2015,2015-02,Product_1248,414000,414000,0,8
2015-02-26,2015,2015-02,Product_1359,89000,89000,0,7
2015-02-27,2015,2015-02,Product_1248,112000,112000,0,6
2015-02-27,2015,2015-02,Product_1359,207000,207000,0,12
2015-03-02,2015,2015-03,Product_1248,364000,364000,0,6
2015-03-02,2015,2015-03,Product_1359,492000,492000,0,18
2015-03-03,2015,2015-03,Product_1248,213000,213000,0,7
2015-03-03,2015,2015-03,Product_1359,264000,264000,0,13
2015-03-04,2015,2015-03,Product_1248,15000,15000,0,3
2015-03-04,2015,2015-03,Product_1359,347000,347000,0,17
2015-03-05,2015,2015-03,Product_1248,351000,351000,0,5
2015-03-05,2015,2015-03,Product_1359,573000,573000,0,12
2015-03-06,2015,2015-03,Product_1248,90000,90000,0,8
2015-03-06,2015,2015-03,Product_1359,265000,265000,0,11
2015-03-09,2015,2015-03,Product_1248,40000,40000,0,3
2015-03-09,2015,2015-03,Product_1359,305000,305000,0,7
2015-03-10,2015,2015-03,Product_1248,185000,185000,0,5
2015-03-10,2015,2015-03,Product_1359,638000,638000,0,19
2015-03-11,2015,2015-03,Product_1248,25000,25000,0,3
2015-03-11,2015,2015-03,Product_1359,411000,411000,0,17
2015-03-12,2015,2015-03,Product_1248,397000,397000,0,6
2015-03-12,2015,2015-03,Product_1359,63000,63000,0,8
2015-03-13,2015,2015-03,Product_1248,85000,85000,0,4
2015-03-13,2015,2015-03,Product_1359,314000,314000,0,13
2015-03-16,2015,2015-03,Product_1248,452000,452000,0,5
2015-03-16,2015,2015-03,Product_1359,249000,249000,0,12
2015-03-17,2015,2015-03,Product_1359,234000,234000,0,8
2015-03-18,2015,2015-03,Product_1248,376000,376000,0,9
2015-03-18,2015,2015-03,Product_1359,379000,379000,0,16
2015-03-19,2015,2015-03,Product_1248,50000,50000,0,1
2015-03-19,2015,2015-03,Product_1359,12000,12000,0,3
2015-03-20,2015,2015-03,Product_1248,57000,57000,0,4
2015-03-20,2015,2015-03,Product_1359,186000,186000,0,11
2015-03-23,2015,2015-03,Product_1248,567000,567000,0,5
2015-03-23,2015,2015-03,Product_1359,341000,341000,0,20
2015-03-24,2015,2015-03,Product_1248,34000,34000,0,4
2015-03-24,2015,2015-03,Product_1359,233000,233000,0,14
2015-03-25,2015,2015-03,Product_1248,44000,44000,0,5
2015-03-25,2015,2015-03,Product_1359,1625000,1625000,0,15
2015-03-26,2015,2015-03,Product_1248,727000,727000,0,5
2015-03-26,2015,2015-03,Product_1359,167000,167000,0,5
2015-03-27,2015,2015-03,Product_1248,25000,25000,0,2
2015-03-27,2015,2015-03,Product_1359,144000,144000,0,7
2015-03-29,2015,2015-03,Product_1359,0,0,0,1
2015-03-30,2015,2015-03,Product_1248,20000,20000,0,4
2015-03-30,2015,2015-03,Product_1359,68000,68000,0,8
2015-03-31,2015,2015-03,Product_1248,299000,299000,0,8
2015-03-31,2015,2015-03,Product_1359,223000,223000,0,19
2015-04-01,2015,2015-04,Product_1248,95000,95000,0,6
2015-04-01,2015,2015-04,Product_1359,420000,420000,0,25
2015-04-02,2015,2015-04,Product_1248,446000,446000,0,7
2015-04-02,2015,2015-04,Product_1359,527000,527000,0,15
2015-04-03,2015,2015-04,Product_1248,40000,40000,0,7
2015-04-03,2015,2015-04,Product_1359,229000,229000,0,18
2015-04-06,2015,2015-04,Product_1248,108000,108000,0,4
2015-04-06,2015,2015-04,Product_1359,691000,691000,0,11
2015-04-07,2015,2015-04,Product_1248,22000,22000,0,4
2015-04-07,2015,2015-04,Product_1359,34000,34000,0,5
2015-04-08,2015,2015-04,Product_1248,658000,658000,0,5
2015-04-08,2015,2015-04,Product_1359,1131000,1131000,0,30
2015-04-09,2015,2015-04,Product_1248,238000,238000,0,4
2015-04-09,2015,2015-04,Product_1359,344000,344000,0,18
2015-04-10,2015,2015-04,Product_1248,201000,201000,0,5
2015-04-10,2015,2015-04,Product_1359,400000,400000,0,19
2015-04-13,2015,2015-04,Product_1248,292000,292000,0,6
2015-04-13,2015,2015-04,Product_1359,593000,593000,0,12
2015-04-14,2015,2015-04,Product_1248,268000,268000,0,5
2015-04-14,2015,2015-04,Product_1359,132000,132000,0,11
2015-04-15,2015,2015-04,Product_1248,250000,250000,0,5
2015-04-15,2015,2015-04,Product_1359,357000,357000,0,12
2015-04-16,2015,2015-04,Product_1248,143000,143000,0,7
2015-04-16,2015,2015-04,Product_1359,198000,198000,0,9
2015-04-17,2015,2015-04,Product_1248,450000,450000,0,7
2015-04-17,2015,2015-04,Product_1359,236000,236000,0,11
2015-04-20,2015,2015-04,Product_1248,110000,110000,0,3
2015-04-20,2015,2015-04,Product_1359,275000,275000,0,7
2015-04-21,2015,2015-04,Product_1248,397000,397000,0,14
2015-04-21,2015,2015-04,Product_1359,1413000,1413000,0,22
2015-04-22,2015,2015-04,Product_1248,12000,12000,0,3
2015-04-22,2015,2015-04,Product_1359,637000,637000,0,17
2015-04-23,2015,2015-04,Product_1248,321000,321000,0,5
2015-04-23,2015,2015-04,Product_1359,99000,99000,0,8
2015-04-24,2015,2015-04,Product_1248,4000,4000,0,1
2015-04-24,2015,2015-04,Product_1359,279000,279000,0,16
2015-04-27,2015,2015-04,Product_1248,14000,14000,0,3
2015-04-27,2015,2015-04,Product_1359,704000,704000,0,14
2015-04-28,2015,2015-04,Product_1248,77000,77000,0,6
2015-04-28,2015,2015-04,Product_1359,224000,224000,0,10
2015-04-30,2015,2015-04,Product_1248,668000,668000,0,5
2015-04-30,2015,2015-04,Product_1359,92000,92000,0,7
2015-05-01,2015,2015-05,Product_1248,109000,109000,0,2
2015-05-01,2015,2015-05,Product_1359,761000,761000,0,8
2015-05-07,2015,2015-05,Product_1248,83000,83000,0,6
2015-05-07,2015,2015-05,Product_1359,1078000,1078000,0,22
2015-05-08,2015,2015-05,Product_1248,78000,78000,0,6
2015-05-08,2015,2015-05,Product_1359,764000,764000,0,13
2015-05-11,2015,2015-05,Product_1248,522000,522000,0,5
2015-05-11,2015,2015-05,Product_1359,295000,295000,0,16
2015-05-12,2015,2015-05,Product_1248,5000,5000,0,2
2015-05-12,2015,2015-05,Product_1359,472000,472000,0,9
2015-05-13,2015,2015-05,Product_1248,56000,56000,0,3
2015-05-13,2015,2015-05,Product_1359,385000,385000,0,18
2015-05-14,2015,2015-05,Product_1248,742000,742000,0,8
2015-05-14,2015,2015-05,Product_1359,289000,289000,0,12
2015-05-15,2015,2015-05,Product_1248,2000,2000,0,2
2015-05-15,2015,2015-05,Product_1359,50000,50000,0,7
2015-05-18,2015,2015-05,Product_1248,160000,160000,0,5
2015-05-18,2015,2015-05,Product_1359,458000,458000,0,16
2015-05-19,2015,2015-05,Product_1248,180000,180000,0,4
2015-05-19,2015,2015-05,Product_1359,183000,183000,0,9
2015-05-20,2015,2015-05,Product_1248,219000,219000,0,3
2015-05-20,2015,2015-05,Product_1359,80000,80000,0,13
2015-05-21,2015,2015-05,Product_1248,128000,128000,0,6
2015-05-21,2015,2015-05,Product_1359,380000,380000,0,18
2015-05-22,2015,2015-05,Product_1248,148000,148000,0,6
2015-05-22,2015,2015-05,Product_1359,341000,341000,0,17
2015-05-25,2015,2015-05,Product_1248,366000,366000,0,5
2015-05-25,2015,2015-05,Product_1359,95000,95000,0,9
2015-05-26,2015,2015-05,Product_1248,340000,340000,0,6
2015-05-26,2015,2015-05,Product_1359,189000,189000,0,13
2015-05-27,2015,2015-05,Product_1248,230000,230000,0,2
2015-05-27,2015,2015-05,Product_1359,1178000,1178000,0,14
2015-05-28,2015,2015-05,Product_1248,161000,161000,0,4
2015-05-28,2015,2015-05,Product_1359,218000,218000,0,8
2015-05-29,2015,2015-05,Product_1248,232000,232000,0,6
2015-05-29,2015,2015-05,Product_1359,458000,458000,0,27
2015-06-01,2015,2015-06,Product_1248,320000,320000,0,5
2015-06-01,2015,2015-06,Product_1359,244000,244000,0,13
2015-06-02,2015,2015-06,Product_1248,6000,6000,0,1
2015-06-02,2015,2015-06,Product_1359,317000,317000,0,17
2015-06-03,2015,2015-06,Product_1248,80000,80000,0,3
2015-06-03,2015,2015-06,Product_1359,369000,369000,0,19
2015-06-04,2015,2015-06,Product_1248,294000,294000,0,6
2015-06-04,2015,2015-06,Product_1359,46000,46000,0,9
2015-06-05,2015,2015-06,Product_1248,1000,1000,0,1
2015-06-05,2015,2015-06,Product_1359,575000,575000,0,15
2015-06-08,2015,2015-06,Product_1248,11000,70000,59000,3
2015-06-08,2015,2015-06,Product_1359,222000,222000,0,10
2015-06-09,2015,2015-06,Product_1248,255000,255000,0,4
2015-06-09,2015,2015-06,Product_1359,1259000,1259000,0,14
2015-06-10,2015,2015-06,Product_1248,178000,178000,0,7
2015-06-10,2015,2015-06,Product_1359,265000,265000,0,15
2015-06-11,2015,2015-06,Product_1248,369000,369000,0,7
2015-06-11,2015,2015-06,Product_1359,223000,223000,0,12
2015-06-12,2015,2015-06,Product_1248,1041000,1041000,0,7
2015-06-12,2015,2015-06,Product_1359,176000,176000,0,16
2015-06-15,2015,2015-06,Product_1248,26000,26000,0,5
2015-06-15,2015,2015-06,Product_1359,414000,414000,0,14
2015-06-16,2015,2015-06,Product_1248,165000,165000,0,4
2015-06-16,2015,2015-06,Product_1359,143000,143000,0,10
2015-06-17,2015,2015-06,Product_1248,41000,41000,0,3
2015-06-17,2015,2015-06,Product_1359,131000,131000,0,12
2015-06-18,2015,2015-06,Product_1248,221000,221000,0,9
2015-06-18,2015,2015-06,Product_1359,85000,85000,0,5
2015-06-19,2015,2015-06,Product_1248,210000,210000,0,8
2015-06-19,2015,2015-06,Product_1359,440000,440000,0,17
2015-06-22,2015,2015-06,Product_1248,248000,248000,0,5
2015-06-22,2015,2015-06,Product_1359,185000,185000,0,18
2015-06-23,2015,2015-06,Product_1248,180000,180000,0,5
2015-06-23,2015,2015-06,Product_1359,230000,230000,0,11
2015-06-24,2015,2015-06,Product_1248,17000,17000,0,3
2015-06-24,2015,2015-06,Product_1359,416000,416000,0,14
2015-06-25,2015,2015-06,Product_1248,95000,95000,0,3
2015-06-25,2015,2015-06,Product_1359,999000,999000,0,10
2015-06-26,2015,2015-06,Product_1248,211000,211000,0,4
2015-06-26,2015,2015-06,Product_1359,524000,524000,0,13
2015-06-29,2015,2015-06,Product_1248,231000,231000,0,5
2015-06-29,2015,2015-06,Product_1359,33000,34000,1000,8
2015-06-30,2015,2015-06,Product_1248,614000,614000,0,5
2015-06-30,2015,2015-06,Product_1359,1223000,1223000,0,15
2015-07-01,2015,2015-07,Product_1248,782000,782000,0,10
2015-07-01,2015,2015-07,Product_1359,584000,584000,0,32
2015-07-02,2015,2015-07,Product_1248,140000,140000,0,3
2015-07-02,2015,2015-07,Product_1359,1114000,1114000,0,9
2015-07-03,2015,2015-07,Product_1248,1029000,1029000,0,5
2015-07-03,2015,2015-07,Product_1359,672000,672000,0,17
2015-07-06,2015,2015-07,Product_1248,361000,361000,0,3
2015-07-06,2015,2015-07,Product_1359,73000,73000,0,9
2015-07-07,2015,2015-07,Product_1248,320000,320000,0,8
2015-07-07,2015,2015-07,Product_1359,182000,182000,0,15
2015-07-08,2015,2015-07,Product_1248,52000,52000,0,4
2015-07-08,2015,2015-07,Product_1359,113000,113000,0,5
2015-07-09,2015,2015-07,Product_1248,315000,315000,0,9
2015-07-09,2015,2015-07,Product_1359,335000,335000,0,9
2015-07-10,2015,2015-07,Product_1248,28000,28000,0,4
2015-07-10,2015,2015-07,Product_1359,305000,305000,0,19
2015-07-13,2015,2015-07,Product_1248,400000,400000,0,1
2015-07-13,2015,2015-07,Product_1359,184000,184000,0,12
2015-07-14,2015,2015-07,Product_1248,98000,98000,0,6
2015-07-14,2015,2015-07,Product_1359,520000,520000,0,18
2015-07-15,2015,2015-07,Product_1248,711000,711000,0,7
2015-07-15,2015,2015-07,Product_1359,386000,386000,0,13
2015-07-16,2015,2015-07,Product_1248,91000,91000,0,6
2015-07-16,2015,2015-07,Product_1359,243000,243000,0,14
2015-07-17,2015,2015-07,Product_1248,360000,360000,0,6
2015-07-17,2015,2015-07,Product_1359,6000,6000,0,2
2015-07-21,2015,2015-07,Product_1248,134000,134000,0,10
2015-07-21,2015,2015-07,Product_1359,422000,422000,0,15
2015-07-22,2015,2015-07,Product_1248,968000,968000,0,9
2015-07-22,2015,2015-07,Product_1359,376000,376000,0,14
2015-07-23,2015,2015-07,Product_1248,88000,88000,0,5
2015-07-23,2015,2015-07,Product_1359,188000,188000,0,12
2015-07-24,2015,2015-07,Product_1248,520000,520000,0,9
2015-07-24,2015,2015-07,Product_1359,277000,277000,0,20
2015-07-27,2015,2015-07,Product_1248,209000,209000,0,5
2015-07-27,2015,2015-07,Product_1359,988000,988000,0,14
2015-07-28,2015,2015-07,Product_1248,40000,40000,0,5
2015-07-28,2015,2015-07,Product_1359,287000,287000,0,16
2015-07-29,2015,2015-07,Product_1248,70000,70000,0,3
2015-07-29,2015,2015-07,Product_1359,232000,232000,0,10
2015-07-30,2015,2015-07,Product_1248,7000,7000,0,3
2015-07-30,2015,2015-07,Product_1359,5000,5000,0,4
2015-07-31,2015,2015-07,Product_1248,255000,255000,0,4
2015-07-31,2015,2015-07,Product_1359,809000,809000,0,26
2015-08-03,2015,2015-08,Product_1248,1148000,1148000,0,11
2015-08-03,2015,2015-08,Product_1359,373000,373000,0,26
2015-08-04,2015,2015-08,Product_1248,620000,620000,0,9
2015-08-04,2015,2015-08,Product_1359,240000,240000,0,11
2015-08-05,2015,2015-08,Product_1248,170000,170000,0,4
2015-08-05,2015,2015-08,Product_1359,405000,405000,0,17
2015-08-06,2015,2015-08,Product_1248,215000,215000,0,3
2015-08-06,2015,2015-08,Product_1359,612000,612000,0,11
2015-08-07,2015,2015-08,Product_1248,10000,10000,0,1
2015-08-07,2015,2015-08,Product_1359,1368000,1368000,0,14
2015-08-10,2015,2015-08,Product_1248,411000,411000,0,3
2015-08-10,2015,2015-08,Product_1359,39000,39000,0,5
2015-08-11,2015,2015-08,Product_1359,7000,7000,0,3
2015-08-14,2015,2015-08,Product_1248,81000,81000,0,3
2015-08-14,2015,2015-08,Product_1359,485000,485000,0,17
2015-08-17,2015,2015-08,Product_1248,506000,506000,0,9
2015-08-17,2015,2015-08,Product_1359,105000,105000,0,6
2015-08-18,2015,2015-08,Product_1248,282000,282000,0,6
2015-08-18,2015,2015-08,Product_1359,670000,670000,0,15
2015-08-19,2015,2015-08,Product_1248,111000,111000,0,8
2015-08-19,2015,2015-08,Product_1359,183000,183000,0,9
2015-08-20,2015,2015-08,Product_1248,56000,56000,0,4
2015-08-20,2015,2015-08,Product_1359,291000,291000,0,10
2015-08-21,2015,2015-08,Product_1248,814000,814000,0,14
2015-08-21,2015,2015-08,Product_1359,345000,345000,0,22
2015-08-24,2015,2015-08,Product_1248,152000,152000,0,3
2015-08-24,2015,2015-08,Product_1359,152000,152000,0,10
2015-08-25,2015,2015-08,Product_1248,13000,13000,0,2
2015-08-25,2015,2015-08,Product_1359,484000,484000,0,8
2015-08-26,2015,2015-08,Product_1248,210000,210000,0,2
2015-08-26,2015,2015-08,Product_1359,189000,189000,0,7
2015-08-27,2015,2015-08,Product_1248,66000,69000,3000,8
2015-08-27,2015,2015-08,Product_1359,214000,217000,3000,12
2015-08-28,2015,2015-08,Product_1248,34000,34000,0,4
2015-08-28,2015,2015-08,Product_1359,87000,87000,0,14
2015-08-31,2015,2015-08,Product_1248,554000,554000,0,9
2015-08-31,2015,2015-08,Product_1359,220000,220000,0,12
2015-09-01,2015,2015-09,Product_1248,375000,375000,0,6
2015-09-01,2015,2015-09,Product_1359,379000,379000,0,21
2015-09-02,2015,2015-09,Product_1248,388000,388000,0,12
2015-09-02,2015,2015-09,Product_1359,339000,339000,0,14
2015-09-03,2015,2015-09,Product_1248,737000,737000,0,6
2015-09-03,2015,2015-09,Product_1359,625000,625000,0,12
2015-09-04,2015,2015-09,Product_1248,39000,39000,0,5
2015-09-04,2015,2015-09,Product_1359,827000,827000,0,15
2015-09-07,2015,2015-09,Product_1248,39000,39000,0,6
2015-09-07,2015,2015-09,Product_1359,334000,334000,0,14
2015-09-08,2015,2015-09,Product_1248,38000,38000,0,4
2015-09-08,2015,2015-09,Product_1359,1181000,1181000,0,7
2015-09-09,2015,2015-09,Product_1248,400000,400000,0,3
2015-09-09,2015,2015-09,Product_1359,253000,253000,0,6
2015-09-10,2015,2015-09,Product_1248,825000,825000,0,5
2015-09-10,2015,2015-09,Product_1359,107000,107000,0,7
2015-09-11,2015,2015-09,Product_1248,38000,38000,0,6
2015-09-11,2015,2015-09,Product_1359,578000,578000,0,20
2015-09-14,2015,2015-09,Product_1248,200000,200000,0,1
2015-09-14,2015,2015-09,Product_1359,677000,677000,0,11
2015-09-15,2015,2015-09,Product_1248,495000,495000,0,5
2015-09-15,2015,2015-09,Product_1359,454000,454000,0,15
2015-09-16,2015,2015-09,Product_1248,145000,145000,0,6
2015-09-16,2015,2015-09,Product_1359,294000,294000,0,11
2015-09-17,2015,2015-09,Product_1248,34000,34000,0,2
2015-09-17,2015,2015-09,Product_1359,53000,53000,0,6
2015-09-18,2015,2015-09,Product_1248,50000,50000,0,1
2015-09-18,2015,2015-09,Product_1359,194000,194000,0,9
2015-09-24,2015,2015-09,Product_1248,205000,205000,0,8
2015-09-24,2015,2015-09,Product_1359,372000,372000,0,17
2015-09-25,2015,2015-09,Product_1248,64000,64000,0,4
2015-09-25,2015,2015-09,Product_1359,338000,338000,0,13
2015-09-28,2015,2015-09,Product_1248,26000,26000,0,3
2015-09-28,2015,2015-09,Product_1359,34000,34000,0,4
2015-09-29,2015,2015-09,Product_1248,176000,176000,0,5
2015-09-29,2015,2015-09,Product_1359,119000,119000,0,10
2015-09-30,2015,2015-09,Product_1248,127000,127000,0,4
2015-09-30,2015,2015-09,Product_1359,1167000,1167000,0,10
2015-10-01,2015,2015-10,Product_1248,398000,398000,0,7
2015-10-01,2015,2015-10,Product_1359,502000,502000,0,17
2015-10-02,2015,2015-10,Product_1248,326000,326000,0,5
2015-10-02,2015,2015-10,Product_1359,400000,400000,0,12
2015-10-04,2015,2015-10,Product_1359,0,0,0,1
2015-10-05,2015,2015-10,Product_1248,12000,12000,0,3
2015-10-05,2015,2015-10,Product_1359,222000,222000,0,12
2015-10-06,2015,2015-10,Product_1248,42000,42000,0,4
2015-10-06,2015,2015-10,Product_1359,56000,56000,0,6
2015-10-07,2015,2015-10,Product_1248,528000,528000,0,6
2015-10-07,2015,2015-10,Product_1359,241000,241000,0,6
2015-10-08,2015,2015-10,Product_1248,83000,83000,0,5
2015-10-08,2015,2015-10,Product_1359,879000,879000,0,16
2015-10-09,2015,2015-10,Product_1248,193000,193000,0,5
2015-10-09,2015,2015-10,Product_1359,86000,86000,0,6
2015-10-13,2015,2015-10,Product_1248,89000,89000,0,4
2015-10-13,2015,2015-10,Product_1359,342000,342000,0,17
2015-10-14,2015,2015-10,Product_1248,696000,696000,0,6
2015-10-14,2015,2015-10,Product_1359,284000,284000,0,15
2015-10-15,2015,2015-10,Product_1248,111000,111000,0,3
2015-10-15,2015,2015-10,Product_1359,161000,161000,0,12
2015-10-16,2015,2015-10,Product_1248,326000,326000,0,4
2015-10-16,2015,2015-10,Product_1359,154000,154000,0,14
2015-10-19,2015,2015-10,Product_1248,20000,20000,0,1
2015-10-19,2015,2015-10,Product_1359,188000,188000,0,13
2015-10-20,2015,2015-10,Product_1248,48000,48000,0,5
2015-10-20,2015,2015-10,Product_1359,26000,26000,0,6
2015-10-21,2015,2015-10,Product_1248,133000,133000,0,4
2015-10-21,2015,2015-10,Product_1359,372000,372000,0,9
2015-10-22,2015,2015-10,Product_1248,432000,432000,0,8
2015-10-22,2015,2015-10,Product_1359,698000,698000,0,10
2015-10-23,2015,2015-10,Product_1248,123000,123000,0,6
2015-10-23,2015,2015-10,Product_1359,91000,91000,0,12
2015-10-25,2015,2015-10,Product_1248,1000,1000,0,1
2015-10-25,2015,2015-10,Product_1359,3000,3000,0,1
2015-10-26,2015,2015-10,Product_1248,67000,67000,0,7
2015-10-26,2015,2015-10,Product_1359,650000,650000,0,13
2015-10-27,2015,2015-10,Product_1248,223000,223000,0,4
2015-10-27,2015,2015-10,Product_1359,1555000,1555000,0,18
2015-10-28,2015,2015-10,Product_1248,53000,53000,0,2
2015-10-28,2015,2015-10,Product_1359,301000,301000,0,12
2015-10-29,2015,2015-10,Product_1248,50000,50000,0,1
2015-10-29,2015,2015-10,Product_1359,132000,132000,0,10
2015-10-30,2015,2015-10,Product_1248,92000,92000,0,10
2015-10-30,2015,2015-10,Product_1359,451000,451000,0,16
2015-11-01,2015,2015-11,Product_1359,100000,100000,0,1
2015-11-02,2015,2015-11,Product_1248,68000,68000,0,4
2015-11-02,2015,2015-11,Product_1359,394000,394000,0,15
2015-11-03,2015,2015-11,Product_1359,25000,25000,0,1
2015-11-04,2015,2015-11,Product_1248,610000,610000,0,6
2015-11-04,2015,2015-11,Product_1359,269000,269000,0,14
2015-11-05,2015,2015-11,Product_1248,225000,225000,0,5
2015-11-05,2015,2015-11,Product_1359,278000,278000,0,14
2015-11-06,2015,2015-11,Product_1248,113000,113000,0,5
2015-11-06,2015,2015-11,Product_1359,150000,150000,0,9
2015-11-09,2015,2015-11,Product_1248,104000,104000,0,6
2015-11-09,2015,2015-11,Product_1359,94000,94000,0,9
2015-11-10,2015,2015-11,Product_1248,42000,42000,0,3
2015-11-10,2015,2015-11,Product_1359,664000,664000,0,18
2015-11-11,2015,2015-11,Product_1248,97000,97000,0,4
2015-11-11,2015,2015-11,Product_1359,153000,153000,0,9
2015-11-12,2015,2015-11,Product_1248,402000,402000,0,7
2015-11-12,2015,2015-11,Product_1359,286000,286000,0,13
2015-11-13,2015,2015-11,Product_1248,123000,123000,0,5
2015-11-13,2015,2015-11,Product_1359,163000,163000,0,10
2015-11-16,2015,2015-11,Product_1248,122000,122000,0,4
2015-11-16,2015,2015-11,Product_1359,214000,214000,0,8
2015-11-17,2015,2015-11,Product_1248,24000,24000,0,3
2015-11-17,2015,2015-11,Product_1359,1542000,1542000,0,17
2015-11-18,2015,2015-11,Product_1248,61000,61000,0,3
2015-11-18,2015,2015-11,Product_1359,379000,379000,0,9
2015-11-19,2015,2015-11,Product_1248,164000,164000,0,5
2015-11-19,2015,2015-11,Product_1359,1185000,1185000,0,13
2015-11-20,2015,2015-11,Product_1248,124000,124000,0,4
2015-11-20,2015,2015-11,Product_1359,259000,259000,0,9
2015-11-24,2015,2015-11,Product_1248,166000,166000,0,7
2015-11-24,2015,2015-11,Product_1359,176000,176000,0,19
2015-11-25,2015,2015-11,Product_1248,7000,7000,0,2
2015-11-25,2015,2015-11,Product_1359,227000,227000,0,7
2015-11-26,2015,2015-11,Product_1248,62000,62000,0,4
2015-11-26,2015,2015-11,Product_1359,193000,193000,0,9
2015-11-27,2015,2015-11,Product_1248,343000,343000,0,6
2015-11-27,2015,2015-11,Product_1359,272000,272000,0,13
2015-11-30,2015,2015-11,Product_1248,154000,154000,0,3
2015-11-30,2015,2015-11,Product_1359,193000,193000,0,15
2015-12-01,2015,2015-12,Product_1248,32000,32000,0,4
2015-12-01,2015,2015-12,Product_1359,180000,182000,2000,17
2015-12-02,2015,2015-12,Product_1248,89000,89000,0,7
2015-12-02,2015,2015-12,Product_1359,594000,594000,0,16
2015-12-03,2015,2015-12,Product_1248,111000,111000,0,3
2015-12-03,2015,2015-12,Product_1359,314000,314000,0,10
2015-12-04,2015,2015-12,Product_1248,195000,195000,0,5
2015-12-04,2015,2015-12,Product_1359,198000,198000,0,8
2015-12-07,2015,2015-12,Product_1248,371000,371000,0,4
2015-12-07,2015,2015-12,Product_1359,419000,419000,0,14
2015-12-08,2015,2015-12,Product_1248,11000,11000,0,2
2015-12-08,2015,2015-12,Product_1359,430000,430000,0,16
2015-12-09,2015,2015-12,Product_1248,155000,155000,0,2
2015-12-09,2015,2015-12,Product_1359,586000,586000,0,9
2015-12-10,2015,2015-12,Product_1248,65000,65000,0,3
2015-12-10,2015,2015-12,Product_1359,130000,130000,0,13
2015-12-11,2015,2015-12,Product_1248,374000,374000,0,8
2015-12-11,2015,2015-12,Product_1359,159000,159000,0,22
2015-12-14,2015,2015-12,Product_1248,249000,249000,0,7
2015-12-14,2015,2015-12,Product_1359,166000,166000,0,13
2015-12-15,2015,2015-12,Product_1248,284000,289000,5000,6
2015-12-15,2015,2015-12,Product_1359,1423000,1428000,5000,15
2015-12-16,2015,2015-12,Product_1248,9000,9000,0,4
2015-12-16,2015,2015-12,Product_1359,203000,203000,0,8
2015-12-17,2015,2015-12,Product_1248,55000,55000,0,5
2015-12-17,2015,2015-12,Product_1359,336000,336000,0,11
2015-12-18,2015,2015-12,Product_1248,176000,176000,0,6
2015-12-18,2015,2015-12,Product_1359,360000,360000,0,11
2015-12-21,2015,2015-12,Product_1248,66000,66000,0,4
2015-12-21,2015,2015-12,Product_1359,221000,221000,0,18
2015-12-22,2015,2015-12,Product_1248,90000,90000,0,4
2015-12-22,2015,2015-12,Product_1359,236000,236000,0,9
2015-12-24,2015,2015-12,Product_1248,181000,181000,0,4
2015-12-24,2015,2015-12,Product_1359,229000,229000,0,20
2015-12-25,2015,2015-12,Product_1248,158000,158000,0,6
2015-12-25,2015,2015-12,Product_1359,98000,98000,0,8
2015-12-28,2015,2015-12,Product_1248,4000,4000,0,2
2015-12-28,2015,2015-12,Product_1359,507000,507000,0,12
2016-01-05,2016,2016-01,Product_1248,104000,104000,0,5
2016-01-05,2016,2016-01,Product_1359,479000,479000,0,21
2016-01-06,2016,2016-01,Product_1248,698000,698000,0,6
2016-01-06,2016,2016-01,Product_1359,605000,605000,0,15
2016-01-07,2016,2016-01,Product_1248,225000,225000,0,7
2016-01-07,2016,2016-01,Product_1359,355000,355000,0,8
2016-01-08,2016,2016-01,Product_1248,55000,55000,0,3
2016-01-08,2016,2016-01,Product_1359,684000,684000,0,12
2016-01-12,2016,2016-01,Product_1248,192000,192000,0,7
2016-01-12,2016,2016-01,Product_1359,508000,508000,0,14
2016-01-13,2016,2016-01,Product_1248,68000,68000,0,4
2016-01-13,2016,2016-01,Product_1359,396000,396000,0,14
2016-01-14,2016,2016-01,Product_1248,314000,314000,0,4
2016-01-14,2016,2016-01,Product_1359,357000,357000,0,8
2016-01-15,2016,2016-01,Product_1248,126000,126000,0,4
2016-01-15,2016,2016-01,Product_1359,116000,116000,0,14
2016-01-18,2016,2016-01,Product_1248,210000,210000,0,1
2016-01-18,2016,2016-01,Product_1359,296000,296000,0,14
2016-01-19,2016,2016-01,Product_1248,34000,34000,0,5
2016-01-19,2016,2016-01,Product_1359,626000,626000,0,13
2016-01-20,2016,2016-01,Product_1248,54000,54000,0,3
2016-01-20,2016,2016-01,Product_1359,413000,413000,0,9
2016-01-21,2016,2016-01,Product_1248,133000,133000,0,2
2016-01-21,2016,2016-01,Product_1359,175000,175000,0,15
2016-01-22,2016,2016-01,Product_1248,126000,126000,0,6
2016-01-22,2016,2016-01,Product_1359,257000,257000,0,17
2016-01-25,2016,2016-01,Product_1248,8000,8000,0,2
2016-01-25,2016,2016-01,Product_1359,325000,325000,0,12
2016-01-26,2016,2016-01,Product_1248,34000,34000,0,4
2016-01-26,2016,2016-01,Product_1359,808000,808000,0,11
2016-01-27,2016,2016-01,Product_1248,99000,99000,0,5
2016-01-27,2016,2016-01,Product_1359,52000,52000,0,7
2016-01-28,2016,2016-01,Product_1248,1000,1000,0,1
2016-01-28,2016,2016-01,Product_1359,522000,522000,0,5
2016-01-29,2016,2016-01,Product_1248,4000,4000,0,2
2016-01-29,2016,2016-01,Product_1359,365000,365000,0,18
2016-02-01,2016,2016-02,Product_1248,175000,175000,0,8
2016-02-01,2016,2016-02,Product_1359,525000,525000,0,28
2016-02-02,2016,2016-02,Product_1248,714000,714000,0,6
2016-02-02,2016,2016-02,Product_1359,205000,205000,0,14
2016-02-03,2016,2016-02,Product_1248,16000,16000,0,3
2016-02-03,2016,2016-02,Product_1359,796000,796000,0,11
2016-02-04,2016,2016-02,Product_1248,38000,38000,0,5
2016-02-04,2016,2016-02,Product_1359,228000,228000,0,17
2016-02-05,2016,2016-02,Product_1248,151000,151000,0,7
2016-02-05,2016,2016-02,Product_1359,331000,331000,0,12
2016-02-08,2016,2016-02,Product_1248,296000,296000,0,6
2016-02-08,2016,2016-02,Product_1359,799000,799000,0,9
2016-02-09,2016,2016-02,Product_1248,11000,11000,0,2
2016-02-09,2016,2016-02,Product_1359,369000,369000,0,12
2016-02-10,2016,2016-02,Product_1248,1157000,1157000,0,7
2016-02-10,2016,2016-02,Product_1359,382000,382000,0,12
2016-02-12,2016,2016-02,Product_1248,24000,24000,0,5
2016-02-12,2016,2016-02,Product_1359,356000,356000,0,14
2016-02-15,2016,2016-02,Product_1248,413000,413000,0,8
2016-02-15,2016,2016-02,Product_1359,208000,208000,0,9
2016-02-16,2016,2016-02,Product_1248,72000,72000,0,7
2016-02-16,2016,2016-02,Product_1359,298000,298000,0,8
2016-02-17,2016,2016-02,Product_1248,66000,66000,0,3
2016-02-17,2016,2016-02,Product_1359,125000,125000,0,7
2016-02-18,2016,2016-02,Product_1248,6000,6000,0,1
2016-02-18,2016,2016-02,Product_1359,247000,247000,0,8
2016-02-19,2016,2016-02,Product_1248,13000,13000,0,3
2016-02-19,2016,2016-02,Product_1359,508000,508000,0,13
2016-02-22,2016,2016-02,Product_1248,712000,712000,0,8
2016-02-22,2016,2016-02,Product_1359,257000,257000,0,16
2016-02-23,2016,2016-02,Product_1248,6000,6000,0,3
2016-02-23,2016,2016-02,Product_1359,154000,154000,0,15
2016-02-24,2016,2016-02,Product_1248,100000,100000,0,6
2016-02-24,2016,2016-02,Product_1359,516000,516000,0,13
2016-02-25,2016,2016-02,Product_1248,20000,20000,0,3
2016-02-25,2016,2016-02,Product_1359,100000,100000,0,11
2016-02-26,2016,2016-02,Product_1248,171000,171000,0,5
2016-02-26,2016,2016-02,Product_1359,346000,346000,0,12
2016-02-29,2016,2016-02,Product_1248,6000,6000,0,3
2016-02-29,2016,2016-02,Product_1359,446000,446000,0,15
2016-03-01,2016,2016-03,Product_1248,29000,29000,0,5
2016-03-01,2016,2016-03,Product_1359,164000,164000,0,17
2016-03-02,2016,2016-03,Product_1248,136000,136000,0,9
2016-03-02,2016,2016-03,Product_1359,1362000,1362000,0,16
2016-03-03,2016,2016-03,Product_1248,114000,114000,0,4
2016-03-03,2016,2016-03,Product_1359,326000,326000,0,12
2016-03-04,2016,2016-03,Product_1248,481000,481000,0,9
2016-03-04,2016,2016-03,Product_1359,234000,234000,0,16
2016-03-07,2016,2016-03,Product_1248,24000,24000,0,4
2016-03-07,2016,2016-03,Product_1359,257000,257000,0,11
2016-03-08,2016,2016-03,Product_1248,113000,113000,0,6
2016-03-08,2016,2016-03,Product_1359,136000,136000,0,9
2016-03-09,2016,2016-03,Product_1248,45000,45000,0,6
2016-03-09,2016,2016-03,Product_1359,71000,71000,0,13
2016-03-10,2016,2016-03,Product_1248,585000,585000,0,5
2016-03-10,2016,2016-03,Product_1359,281000,281000,0,11
2016-03-11,2016,2016-03,Product_1248,815000,815000,0,6
2016-03-11,2016,2016-03,Product_1359,511000,511000,0,14
2016-03-14,2016,2016-03,Product_1248,215000,215000,0,5
2016-03-14,2016,2016-03,Product_1359,195000,195000,0,10
2016-03-15,2016,2016-03,Product_1248,90000,90000,0,2
2016-03-15,2016,2016-03,Product_1359,1085000,1085000,0,6
2016-03-16,2016,2016-03,Product_1248,361000,361000,0,7
2016-03-16,2016,2016-03,Product_1359,342000,342000,0,7
2016-03-17,2016,2016-03,Product_1248,534000,534000,0,6
2016-03-17,2016,2016-03,Product_1359,245000,245000,0,15
2016-03-18,2016,2016-03,Product_1248,90000,90000,0,7
2016-03-18,2016,2016-03,Product_1359,266000,266000,0,8
2016-03-22,2016,2016-03,Product_1248,17000,17000,0,4
2016-03-22,2016,2016-03,Product_1359,240000,240000,0,12
2016-03-23,2016,2016-03,Product_1248,127000,127000,0,4
2016-03-23,2016,2016-03,Product_1359,523000,523000,0,14
2016-03-24,2016,2016-03,Product_1248,103000,103000,0,5
2016-03-24,2016,2016-03,Product_1359,318000,318000,0,16
2016-03-25,2016,2016-03,Product_1248,144000,144000,0,9
2016-03-25,2016,2016-03,Product_1359,235000,235000,0,16
2016-03-28,2016,2016-03,Product_1248,15000,15000,0,2
2016-03-28,2016,2016-03,Product_1359,161000,161000,0,10
2016-03-29,2016,2016-03,Product_1248,100000,100000,0,1
2016-03-29,2016,2016-03,Product_1359,254000,254000,0,6
2016-03-30,2016,2016-03,Product_1248,37000,37000,0,5
2016-03-30,2016,2016-03,Product_1359,101000,101000,0,10
2016-03-31,2016,2016-03,Product_1248,13000,13000,0,2
2016-03-31,2016,2016-03,Product_1359,249000,249000,0,9
2016-04-01,2016,2016-04,Product_1248,170000,170000,0,10
2016-04-01,2016,2016-04,Product_1359,283000,283000,0,23
2016-04-04,2016,2016-04,Product_1248,86000,86000,0,3
2016-04-04,2016,2016-04,Product_1359,116000,116000,0,8
2016-04-05,2016,2016-04,Product_1248,153000,153000,0,3
2016-04-05,2016,2016-04,Product_1359,480000,480000,0,17
2016-04-06,2016,2016-04,Product_1248,81000,81000,0,4
2016-04-06,2016,2016-04,Product_1359,259000,259000,0,10
2016-04-07,2016,2016-04,Product_1248,169000,169000,0,6
2016-04-07,2016,2016-04,Product_1359,482000,482000,0,14
2016-04-08,2016,2016-04,Product_1248,203000,203000,0,6
2016-04-08,2016,2016-04,Product_1359,1362000,1362000,0,15
2016-04-11,2016,2016-04,Product_1248,37000,37000,0,4
2016-04-11,2016,2016-04,Product_1359,205000,205000,0,8
2016-04-12,2016,2016-04,Product_1248,170000,170000,0,8
2016-04-12,2016,2016-04,Product_1359,105000,105000,0,10
2016-04-13,2016,2016-04,Product_1248,862000,862000,0,6
2016-04-13,2016,2016-04,Product_1359,279000,279000,0,7
2016-04-14,2016,2016-04,Product_1248,151000,151000,0,4
2016-04-14,2016,2016-04,Product_1359,86000,86000,0,7
2016-04-15,2016,2016-04,Product_1248,119000,119000,0,5
2016-04-15,2016,2016-04,Product_1359,583000,583000,0,15
2016-04-18,2016,2016-04,Product_1248,135000,135000,0,4
2016-04-18,2016,2016-04,Product_1359,233000,233000,0,6
2016-04-19,2016,2016-04,Product_1248,82000,82000,0,6
2016-04-19,2016,2016-04,Product_1359,99000,99000,0,10
2016-04-20,2016,2016-04,Product_1248,19000,19000,0,6
2016-04-20,2016,2016-04,Product_1359,108000,108000,0,9
2016-04-21,2016,2016-04,Product_1248,333000,333000,0,8
2016-04-21,2016,2016-04,Product_1359,386000,386000,0,18
2016-04-22,2016,2016-04,Product_1248,18000,18000,0,5
2016-04-22,2016,2016-04,Product_1359,334000,334000,0,17
2016-04-25,2016,2016-04,Product_1248,62000,62000,0,2
2016-04-25,2016,2016-04,Product_1359,294000,294000,0,11
2016-04-26,2016,2016-04,Product_1248,11000,11000,0,3
2016-04-26,2016,2016-04,Product_1359,212000,212000,0,10
2016-04-27,2016,2016-04,Product_1248,15000,15000,0,3
2016-04-27,2016,2016-04,Product_1359,53000,53000,0,9
2016-04-28,2016,2016-04,Product_1248,44000,44000,0,5
2016-04-28,2016,2016-04,Product_1359,382000,382000,0,19
2016-05-02,2016,2016-05,Product_1248,109000,109000,0,6
2016-05-02,2016,2016-05,Product_1359,86000,86000,0,7
2016-05-05,2016,2016-05,Product_1359,10000,10000,0,1
2016-05-06,2016,2016-05,Product_1248,170000,170000,0,6
2016-05-06,2016,2016-05,Product_1359,315000,315000,0,15
2016-05-09,2016,2016-05,Product_1248,310000,310000,0,6
2016-05-09,2016,2016-05,Product_1359,402000,402000,0,11
2016-05-10,2016,2016-05,Product_1248,127000,127000,0,7
2016-05-10,2016,2016-05,Product_1359,1302000,1302000,0,13
2016-05-11,2016,2016-05,Product_1248,29000,29000,0,3
2016-05-11,2016,2016-05,Product_1359,124000,124000,0,14
2016-05-12,2016,2016-05,Product_1248,180000,180000,0,4
2016-05-12,2016,2016-05,Product_1359,156000,156000,0,9
2016-05-13,2016,2016-05,Product_1248,213000,213000,0,5
2016-05-13,2016,2016-05,Product_1359,403000,403000,0,15
2016-05-16,2016,2016-05,Product_1248,565000,565000,0,6
2016-05-16,2016,2016-05,Product_1359,78000,78000,0,12
2016-05-17,2016,2016-05,Product_1248,93000,93000,0,4
2016-05-17,2016,2016-05,Product_1359,253000,253000,0,6
2016-05-18,2016,2016-05,Product_1248,613000,613000,0,6
2016-05-18,2016,2016-05,Product_1359,30000,30000,0,7
2016-05-19,2016,2016-05,Product_1248,349000,349000,0,4
2016-05-19,2016,2016-05,Product_1359,179000,179000,0,9
2016-05-20,2016,2016-05,Product_1248,131000,131000,0,5
2016-05-20,2016,2016-05,Product_1359,319000,319000,0,11
2016-05-23,2016,2016-05,Product_1248,728000,728000,0,11
2016-05-23,2016,2016-05,Product_1359,641000,641000,0,21
2016-05-24,2016,2016-05,Product_1248,23000,23000,0,4
2016-05-24,2016,2016-05,Product_1359,128000,128000,0,10
2016-05-25,2016,2016-05,Product_1248,95000,95000,0,7
2016-05-25,2016,2016-05,Product_1359,606000,606000,0,19
2016-05-26,2016,2016-05,Product_1248,195000,195000,0,4
2016-05-26,2016,2016-05,Product_1359,781000,781000,0,14
2016-05-27,2016,2016-05,Product_1248,88000,88000,0,4
2016-05-27,2016,2016-05,Product_1359,338000,338000,0,12
2016-05-30,2016,2016-05,Product_1248,23000,23000,0,2
2016-05-30,2016,2016-05,Product_1359,160000,160000,0,6
2016-05-31,2016,2016-05,Product_1248,12000,12000,0,4
2016-05-31,2016,2016-05,Product_1359,543000,543000,0,8
2016-06-01,2016,2016-06,Product_1248,242000,242000,0,5
2016-06-01,2016,2016-06,Product_1359,458000,458000,0,26
2016-06-02,2016,2016-06,Product_1248,324000,324000,0,6
2016-06-02,2016,2016-06,Product_1359,259000,259000,0,10
2016-06-03,2016,2016-06,Product_1248,437000,437000,0,6
2016-06-03,2016,2016-06,Product_1359,214000,214000,0,14
2016-06-06,2016,2016-06,Product_1248,121000,121000,0,3
2016-06-06,2016,2016-06,Product_1359,244000,244000,0,10
2016-06-07,2016,2016-06,Product_1248,571000,571000,0,9
2016-06-07,2016,2016-06,Product_1359,494000,494000,0,16
2016-06-08,2016,2016-06,Product_1248,205000,205000,0,2
2016-06-08,2016,2016-06,Product_1359,994000,994000,0,10
2016-06-09,2016,2016-06,Product_1248,628000,628000,0,8
2016-06-09,2016,2016-06,Product_1359,337000,337000,0,12
2016-06-10,2016,2016-06,Product_1248,100000,100000,0,8
2016-06-10,2016,2016-06,Product_1359,667000,667000,0,15
2016-06-13,2016,2016-06,Product_1248,303000,303000,0,6
2016-06-13,2016,2016-06,Product_1359,99000,99000,0,8
2016-06-14,2016,2016-06,Product_1248,275000,275000,0,6
2016-06-14,2016,2016-06,Product_1359,902000,902000,0,10
2016-06-15,2016,2016-06,Product_1248,221000,221000,0,3
2016-06-15,2016,2016-06,Product_1359,160000,160000,0,12
2016-06-16,2016,2016-06,Product_1248,214000,214000,0,6
2016-06-16,2016,2016-06,Product_1359,148000,148000,0,6
2016-06-17,2016,2016-06,Product_1248,129000,129000,0,5
2016-06-17,2016,2016-06,Product_1359,66000,66000,0,9
2016-06-20,2016,2016-06,Product_1248,1038000,1038000,0,3
2016-06-20,2016,2016-06,Product_1359,374000,374000,0,10
2016-06-21,2016,2016-06,Product_1248,597000,597000,0,7
2016-06-21,2016,2016-06,Product_1359,671000,671000,0,17
2016-06-22,2016,2016-06,Product_1248,155000,155000,0,7
2016-06-22,2016,2016-06,Product_1359,340000,340000,0,15
2016-06-23,2016,2016-06,Product_1248,63000,63000,0,4
2016-06-23,2016,2016-06,Product_1359,114000,114000,0,11
2016-06-24,2016,2016-06,Product_1248,9000,9000,0,2
2016-06-24,2016,2016-06,Product_1359,116000,116000,0,5
2016-06-27,2016,2016-06,Product_1248,45000,45000,0,8
2016-06-27,2016,2016-06,Product_1359,556000,556000,0,17
2016-06-28,2016,2016-06,Product_1248,23000,23000,0,2
2016-06-28,2016,2016-06,Product_1359,113000,113000,0,5
2016-06-29,2016,2016-06,Product_1248,59000,59000,0,3
2016-06-29,2016,2016-06,Product_1359,208000,208000,0,4
2016-06-30,2016,2016-06,Product_1248,750000,750000,0,6
2016-06-30,2016,2016-06,Product_1359,336000,336000,0,13
2016-07-01,2016,2016-07,Product_1248,81000,81000,0,7
2016-07-01,2016,2016-07,Product_1359,700000,700000,0,21
2016-07-04,2016,2016-07,Product_1248,150000,150000,0,4
2016-07-04,2016,2016-07,Product_1359,619000,619000,0,12
2016-07-05,2016,2016-07,Product_1248,355000,355000,0,5
2016-07-05,2016,2016-07,Product_1359,1115000,1115000,0,10
2016-07-06,2016,2016-07,Product_1248,114000,114000,0,3
2016-07-06,2016,2016-07,Product_1359,49000,49000,0,9
2016-07-07,2016,2016-07,Product_1248,318000,318000,0,7
2016-07-07,2016,2016-07,Product_1359,268000,268000,0,15
2016-07-08,2016,2016-07,Product_1248,44000,44000,0,5
2016-07-08,2016,2016-07,Product_1359,265000,265000,0,21
2016-07-11,2016,2016-07,Product_1248,804000,804000,0,5
2016-07-11,2016,2016-07,Product_1359,47000,47000,0,8
2016-07-12,2016,2016-07,Product_1248,491000,491000,0,10
2016-07-12,2016,2016-07,Product_1359,126000,126000,0,11
2016-07-13,2016,2016-07,Product_1248,84000,84000,0,5
2016-07-13,2016,2016-07,Product_1359,456000,456000,0,12
2016-07-14,2016,2016-07,Product_1248,161000,161000,0,5
2016-07-14,2016,2016-07,Product_1359,134000,134000,0,11
2016-07-15,2016,2016-07,Product_1248,255000,255000,0,4
2016-07-15,2016,2016-07,Product_1359,278000,278000,0,11
2016-07-18,2016,2016-07,Product_1359,78000,78000,0,3
2016-07-19,2016,2016-07,Product_1248,343000,343000,0,7
2016-07-19,2016,2016-07,Product_1359,274000,274000,0,10
2016-07-20,2016,2016-07,Product_1248,140000,140000,0,4
2016-07-20,2016,2016-07,Product_1359,441000,441000,0,11
2016-07-21,2016,2016-07,Product_1248,98000,98000,0,6
2016-07-21,2016,2016-07,Product_1359,495000,495000,0,19
2016-07-22,2016,2016-07,Product_1248,367000,367000,0,8
2016-07-22,2016,2016-07,Product_1359,275000,275000,0,18
2016-07-25,2016,2016-07,Product_1248,224000,224000,0,4
2016-07-25,2016,2016-07,Product_1359,314000,314000,0,12
2016-07-26,2016,2016-07,Product_1248,61000,61000,0,6
2016-07-26,2016,2016-07,Product_1359,589000,589000,0,17
2016-07-27,2016,2016-07,Product_1248,300000,300000,0,5
2016-07-27,2016,2016-07,Product_1359,161000,161000,0,9
2016-07-28,2016,2016-07,Product_1248,644000,644000,0,4
2016-07-28,2016,2016-07,Product_1359,106000,106000,0,9
2016-07-29,2016,2016-07,Product_1248,57000,57000,0,4
2016-07-29,2016,2016-07,Product_1359,318000,318000,0,19
2016-08-01,2016,2016-08,Product_1248,19000,19000,0,6
2016-08-01,2016,2016-08,Product_1359,726000,726000,0,26
2016-08-02,2016,2016-08,Product_1248,694000,694000,0,4
2016-08-02,2016,2016-08,Product_1359,329000,329000,0,11
2016-08-03,2016,2016-08,Product_1248,145000,145000,0,6
2016-08-03,2016,2016-08,Product_1359,252000,252000,0,9
2016-08-04,2016,2016-08,Product_1248,294000,294000,0,6
2016-08-04,2016,2016-08,Product_1359,171000,171000,0,8
2016-08-05,2016,2016-08,Product_1248,5000,5000,0,1
2016-08-05,2016,2016-08,Product_1359,467000,467000,0,17
2016-08-08,2016,2016-08,Product_1248,61000,61000,0,3
2016-08-08,2016,2016-08,Product_1359,183000,183000,0,10
2016-08-09,2016,2016-08,Product_1248,93000,93000,0,7
2016-08-09,2016,2016-08,Product_1359,235000,235000,0,5
2016-08-10,2016,2016-08,Product_1248,160000,160000,0,5
2016-08-10,2016,2016-08,Product_1359,26000,26000,0,3
2016-08-15,2016,2016-08,Product_1359,27000,27000,0,3
2016-08-16,2016,2016-08,Product_1248,18000,18000,0,3
2016-08-16,2016,2016-08,Product_1359,20000,20000,0,5
2016-08-17,2016,2016-08,Product_1248,62000,62000,0,4
2016-08-17,2016,2016-08,Product_1359,320000,320000,0,12
2016-08-18,2016,2016-08,Product_1248,150000,150000,0,2
2016-08-18,2016,2016-08,Product_1359,834000,834000,0,13
2016-08-19,2016,2016-08,Product_1248,51000,51000,0,7
2016-08-19,2016,2016-08,Product_1359,329000,329000,0,16
2016-08-22,2016,2016-08,Product_1248,303000,303000,0,11
2016-08-22,2016,2016-08,Product_1359,170000,170000,0,11
2016-08-23,2016,2016-08,Product_1248,112000,112000,0,4
2016-08-23,2016,2016-08,Product_1359,502000,502000,0,12
2016-08-24,2016,2016-08,Product_1248,207000,207000,0,5
2016-08-24,2016,2016-08,Product_1359,643000,643000,0,9
2016-08-25,2016,2016-08,Product_1248,100000,100000,0,1
2016-08-25,2016,2016-08,Product_1359,120000,120000,0,7
2016-08-26,2016,2016-08,Product_1248,329000,329000,0,8
2016-08-26,2016,2016-08,Product_1359,758000,758000,0,17
2016-08-29,2016,2016-08,Product_1248,53000,53000,0,2
2016-08-29,2016,2016-08,Product_1359,89000,89000,0,5
2016-08-30,2016,2016-08,Product_1248,11000,11000,0,3
2016-08-30,2016,2016-08,Product_1359,253000,253000,0,9
2016-08-31,2016,2016-08,Product_1248,210000,210000,0,6
2016-08-31,2016,2016-08,Product_1359,480000,480000,0,19
2016-09-01,2016,2016-09,Product_1248,309000,309000,0,5
2016-09-01,2016,2016-09,Product_1359,411000,411000,0,14
2016-09-02,2016,2016-09,Product_1248,143000,143000,0,6
2016-09-02,2016,2016-09,Product_1359,312000,312000,0,10
2016-09-05,2016,2016-09,Product_1248,130000,130000,0,5
2016-09-05,2016,2016-09,Product_1359,467000,467000,0,16
2016-09-06,2016,2016-09,Product_1248,11000,11000,0,3
2016-09-06,2016,2016-09,Product_1359,243000,243000,0,12
2016-09-07,2016,2016-09,Product_1248,166000,166000,0,4
2016-09-07,2016,2016-09,Product_1359,462000,462000,0,10
2016-09-08,2016,2016-09,Product_1248,42000,42000,0,7
2016-09-08,2016,2016-09,Product_1359,288000,288000,0,13
2016-09-09,2016,2016-09,Product_1248,14000,14000,0,4
2016-09-09,2016,2016-09,Product_1359,124000,124000,0,10
2016-09-12,2016,2016-09,Product_1248,26000,26000,0,3
2016-09-12,2016,2016-09,Product_1359,119000,119000,0,10
2016-09-13,2016,2016-09,Product_1248,120000,120000,0,4
2016-09-13,2016,2016-09,Product_1359,523000,523000,0,9
2016-09-14,2016,2016-09,Product_1248,21000,21000,0,6
2016-09-14,2016,2016-09,Product_1359,171000,171000,0,11
2016-09-15,2016,2016-09,Product_1248,463000,463000,0,4
2016-09-15,2016,2016-09,Product_1359,267000,267000,0,12
2016-09-16,2016,2016-09,Product_1248,87000,87000,0,5
2016-09-16,2016,2016-09,Product_1359,570000,570000,0,20
2016-09-20,2016,2016-09,Product_1248,210000,210000,0,3
2016-09-20,2016,2016-09,Product_1359,102000,102000,0,8
2016-09-21,2016,2016-09,Product_1248,859000,859000,0,10
2016-09-21,2016,2016-09,Product_1359,479000,479000,0,11
2016-09-23,2016,2016-09,Product_1248,472000,472000,0,8
2016-09-23,2016,2016-09,Product_1359,291000,291000,0,15
2016-09-26,2016,2016-09,Product_1248,237000,237000,0,6
2016-09-26,2016,2016-09,Product_1359,191000,191000,0,11
2016-09-27,2016,2016-09,Product_1248,71000,71000,0,5
2016-09-27,2016,2016-09,Product_1359,259000,259000,0,12
2016-09-28,2016,2016-09,Product_1248,8000,8000,0,3
2016-09-28,2016,2016-09,Product_1359,73000,73000,0,8
2016-09-29,2016,2016-09,Product_1248,30000,30000,0,2
2016-09-29,2016,2016-09,Product_1359,42000,42000,0,3
2016-09-30,2016,2016-09,Product_1248,131000,131000,0,5
2016-09-30,2016,2016-09,Product_1359,1566000,1566000,0,22
2016-10-03,2016,2016-10,Product_1248,21000,21000,0,3
2016-10-03,2016,2016-10,Product_1359,537000,537000,0,24
2016-10-04,2016,2016-10,Product_1248,341000,341000,0,10
2016-10-04,2016,2016-10,Product_1359,379000,379000,0,15
2016-10-05,2016,2016-10,Product_1248,211000,211000,0,4
2016-10-05,2016,2016-10,Product_1359,231000,231000,0,11
2016-10-06,2016,2016-10,Product_1248,127000,127000,0,5
2016-10-06,2016,2016-10,Product_1359,252000,252000,0,10
2016-10-07,2016,2016-10,Product_1248,8000,8000,0,3
2016-10-07,2016,2016-10,Product_1359,215000,215000,0,13
2016-10-11,2016,2016-10,Product_1248,230000,230000,0,2
2016-10-11,2016,2016-10,Product_1359,2257000,2257000,0,12
2016-10-12,2016,2016-10,Product_1248,1220000,1220000,0,6
2016-10-12,2016,2016-10,Product_1359,162000,162000,0,6
2016-10-13,2016,2016-10,Product_1248,117000,117000,0,4
2016-10-13,2016,2016-10,Product_1359,123000,123000,0,10
2016-10-14,2016,2016-10,Product_1248,20000,20000,0,2
2016-10-14,2016,2016-10,Product_1359,496000,496000,0,14
2016-10-17,2016,2016-10,Product_1248,10000,10000,0,3
2016-10-17,2016,2016-10,Product_1359,289000,289000,0,9
2016-10-18,2016,2016-10,Product_1248,520000,520000,0,3
2016-10-18,2016,2016-10,Product_1359,68000,68000,0,6
2016-10-19,2016,2016-10,Product_1248,77000,77000,0,6
2016-10-19,2016,2016-10,Product_1359,141000,141000,0,13
2016-10-20,2016,2016-10,Product_1248,46000,46000,0,6
2016-10-20,2016,2016-10,Product_1359,632000,632000,0,10
2016-10-21,2016,2016-10,Product_1248,245000,245000,0,9
2016-10-21,2016,2016-10,Product_1359,475000,475000,0,15
2016-10-24,2016,2016-10,Product_1248,48000,48000,0,6
2016-10-24,2016,2016-10,Product_1359,165000,180000,15000,15
2016-10-25,2016,2016-10,Product_1248,50000,50000,0,3
2016-10-25,2016,2016-10,Product_1359,203000,203000,0,14
2016-10-26,2016,2016-10,Product_1248,514000,514000,0,4
2016-10-26,2016,2016-10,Product_1359,308000,308000,0,12
2016-10-27,2016,2016-10,Product_1248,358000,358000,0,4
2016-10-27,2016,2016-10,Product_1359,110000,110000,0,8
2016-10-28,2016,2016-10,Product_1248,90000,90000,0,7
2016-10-28,2016,2016-10,Product_1359,119000,119000,0,7
2016-10-30,2016,2016-10,Product_1359,127000,127000,0,3
2016-10-31,2016,2016-10,Product_1248,221000,221000,0,6
2016-10-31,2016,2016-10,Product_1359,408000,408000,0,10
2016-11-01,2016,2016-11,Product_1248,700000,700000,0,10
2016-11-01,2016,2016-11,Product_1359,759000,759000,0,24
2016-11-02,2016,2016-11,Product_1248,50000,50000,0,1
2016-11-02,2016,2016-11,Product_1359,456000,456000,0,14
2016-11-04,2016,2016-11,Product_1248,305000,305000,0,7
2016-11-04,2016,2016-11,Product_1359,1249000,1249000,0,14
2016-11-07,2016,2016-11,Product_1248,56000,56000,0,5
2016-11-07,2016,2016-11,Product_1359,392000,392000,0,15
2016-11-08,2016,2016-11,Product_1248,527000,527000,0,8
2016-11-08,2016,2016-11,Product_1359,415000,415000,0,8
2016-11-09,2016,2016-11,Product_1248,776000,776000,0,5
2016-11-09,2016,2016-11,Product_1359,427000,427000,0,10
2016-11-10,2016,2016-11,Product_1248,221000,221000,0,5
2016-11-10,2016,2016-11,Product_1359,1182000,1182000,0,12
2016-11-11,2016,2016-11,Product_1248,103000,103000,0,2
2016-11-11,2016,2016-11,Product_1359,127000,127000,0,10
2016-11-14,2016,2016-11,Product_1248,230000,230000,0,5
2016-11-14,2016,2016-11,Product_1359,259000,259000,0,12
2016-11-15,2016,2016-11,Product_1248,612000,612000,0,4
2016-11-15,2016,2016-11,Product_1359,498000,498000,0,10
2016-11-16,2016,2016-11,Product_1248,15000,15000,0,2
2016-11-16,2016,2016-11,Product_1359,330000,330000,0,9
2016-11-17,2016,2016-11,Product_1248,7000,7000,0,1
2016-11-17,2016,2016-11,Product_1359,66000,66000,0,7
2016-11-18,2016,2016-11,Product_1248,158000,158000,0,6
2016-11-18,2016,2016-11,Product_1359,340000,340000,0,12
2016-11-21,2016,2016-11,Product_1248,1212000,1212000,0,7
2016-11-21,2016,2016-11,Product_1359,115000,115000,0,10
2016-11-22,2016,2016-11,Product_1248,77000,77000,0,6
2016-11-22,2016,2016-11,Product_1359,577000,577000,0,12
2016-11-24,2016,2016-11,Product_1248,200000,200000,0,12
2016-11-24,2016,2016-11,Product_1359,318000,318000,0,17
2016-11-25,2016,2016-11,Product_1248,27000,27000,0,4
2016-11-25,2016,2016-11,Product_1359,71000,71000,0,8
2016-11-28,2016,2016-11,Product_1248,184000,184000,0,4
2016-11-28,2016,2016-11,Product_1359,733000,733000,0,10
2016-11-29,2016,2016-11,Product_1248,261000,261000,0,4
2016-11-29,2016,2016-11,Product_1359,109000,109000,0,8
2016-11-30,2016,2016-11,Product_1248,822000,822000,0,8
2016-11-30,2016,2016-11,Product_1359,391000,391000,0,12
2016-12-01,2016,2016-12,Product_1248,645000,645000,0,10
2016-12-01,2016,2016-12,Product_1359,329000,329000,0,13
2016-12-02,2016,2016-12,Product_1248,104000,104000,0,3
2016-12-02,2016,2016-12,Product_1359,258000,258000,0,12
2016-12-05,2016,2016-12,Product_1359,210000,210000,0,10
2016-12-06,2016,2016-12,Product_1248,57000,57000,0,4
2016-12-06,2016,2016-12,Product_1359,306000,306000,0,11
2016-12-07,2016,2016-12,Product_1248,930000,930000,0,2
2016-12-07,2016,2016-12,Product_1359,284000,284000,0,12
2016-12-08,2016,2016-12,Product_1248,123000,123000,0,4
2016-12-08,2016,2016-12,Product_1359,189000,189000,0,9
2016-12-09,2016,2016-12,Product_1248,330000,330000,0,3
2016-12-09,2016,2016-12,Product_1359,655000,655000,0,18
2016-12-12,2016,2016-12,Product_1248,58000,58000,0,3
2016-12-12,2016,2016-12,Product_1359,68000,68000,0,5
2016-12-13,2016,2016-12,Product_1248,1341000,1341000,0,6
2016-12-13,2016,2016-12,Product_1359,573000,573000,0,10
2016-12-14,2016,2016-12,Product_1248,110000,110000,0,5
2016-12-14,2016,2016-12,Product_1359,536000,536000,0,14
2016-12-15,2016,2016-12,Product_1248,807000,807000,0,8
2016-12-15,2016,2016-12,Product_1359,263000,263000,0,7
2016-12-16,2016,2016-12,Product_1248,103000,103000,0,8
2016-12-16,2016,2016-12,Product_1359,277000,277000,0,15
2016-12-19,2016,2016-12,Product_1248,528000,528000,0,3
2016-12-19,2016,2016-12,Product_1359,397000,397000,0,13
2016-12-20,2016,2016-12,Product_1248,162000,162000,0,3
2016-12-20,2016,2016-12,Product_1359,328000,328000,0,14
2016-12-21,2016,2016-12,Product_1248,572000,572000,0,8
2016-12-21,2016,2016-12,Product_1359,284000,284000,0,17
2016-12-22,2016,2016-12,Product_1248,10000,10000,0,1
2016-12-22,2016,2016-12,Product_1359,180000,180000,0,8
2016-12-26,2016,2016-12,Product_1248,301000,301000,0,3
2016-12-26,2016,2016-12,Product_1359,286000,286000,0,12
2016-12-27,2016,2016-12,Product_1248,0,0,0,1
2016-12-27,2016,2016-12,Product_1359,90000,90000,0,6
2016-12-28,2016,2016-12,Product_1248,53000,53000,0,2
2016-12-28,2016,2016-12,Product_1359,140000,140000,0,7
